#r_image,#g_image,#y_image,#b_image,#output_folder,#output_prefix
,images/protein/1_E3_1_1.png,images/er/1_E3_1_1.png,images/nucleus/1_E3_1_1.png,output,1_E3_1_1_infected
,images/protein/1_E3_1_10.png,images/er/1_E3_1_10.png,images/nucleus/1_E3_1_10.png,output,1_E3_1_10_infected
,images/protein/1_E3_1_11.png,images/er/1_E3_1_11.png,images/nucleus/1_E3_1_11.png,output,1_E3_1_11_uninfected
,images/protein/1_E3_1_12.png,images/er/1_E3_1_12.png,images/nucleus/1_E3_1_12.png,output,1_E3_1_12_uninfected
,images/protein/1_E3_1_13.png,images/er/1_E3_1_13.png,images/nucleus/1_E3_1_13.png,output,1_E3_1_13_infected
,images/protein/1_E3_1_14.png,images/er/1_E3_1_14.png,images/nucleus/1_E3_1_14.png,output,1_E3_1_14_infected
,images/protein/1_E3_1_15.png,images/er/1_E3_1_15.png,images/nucleus/1_E3_1_15.png,output,1_E3_1_15_infected
,images/protein/1_E3_1_16.png,images/er/1_E3_1_16.png,images/nucleus/1_E3_1_16.png,output,1_E3_1_16_infected
,images/protein/1_E3_1_17.png,images/er/1_E3_1_17.png,images/nucleus/1_E3_1_17.png,output,1_E3_1_17_infected
,images/protein/1_E3_1_18.png,images/er/1_E3_1_18.png,images/nucleus/1_E3_1_18.png,output,1_E3_1_18_infected
,images/protein/1_E3_1_19.png,images/er/1_E3_1_19.png,images/nucleus/1_E3_1_19.png,output,1_E3_1_19_infected
,images/protein/1_E3_1_2.png,images/er/1_E3_1_2.png,images/nucleus/1_E3_1_2.png,output,1_E3_1_2_uninfected
,images/protein/1_E3_1_20.png,images/er/1_E3_1_20.png,images/nucleus/1_E3_1_20.png,output,1_E3_1_20_uninfected
,images/protein/1_E3_1_21.png,images/er/1_E3_1_21.png,images/nucleus/1_E3_1_21.png,output,1_E3_1_21_infected
,images/protein/1_E3_1_22.png,images/er/1_E3_1_22.png,images/nucleus/1_E3_1_22.png,output,1_E3_1_22_uninfected
,images/protein/1_E3_1_23.png,images/er/1_E3_1_23.png,images/nucleus/1_E3_1_23.png,output,1_E3_1_23_infected
,images/protein/1_E3_1_24.png,images/er/1_E3_1_24.png,images/nucleus/1_E3_1_24.png,output,1_E3_1_24_infected
,images/protein/1_E3_1_25.png,images/er/1_E3_1_25.png,images/nucleus/1_E3_1_25.png,output,1_E3_1_25_infected
,images/protein/1_E3_1_26.png,images/er/1_E3_1_26.png,images/nucleus/1_E3_1_26.png,output,1_E3_1_26_infected
,images/protein/1_E3_1_27.png,images/er/1_E3_1_27.png,images/nucleus/1_E3_1_27.png,output,1_E3_1_27_infected
,images/protein/1_E3_1_28.png,images/er/1_E3_1_28.png,images/nucleus/1_E3_1_28.png,output,1_E3_1_28_infected
,images/protein/1_E3_1_3.png,images/er/1_E3_1_3.png,images/nucleus/1_E3_1_3.png,output,1_E3_1_3_infected
,images/protein/1_E3_1_4.png,images/er/1_E3_1_4.png,images/nucleus/1_E3_1_4.png,output,1_E3_1_4_infected
,images/protein/1_E3_1_6.png,images/er/1_E3_1_6.png,images/nucleus/1_E3_1_6.png,output,1_E3_1_6_infected
,images/protein/1_E3_1_7.png,images/er/1_E3_1_7.png,images/nucleus/1_E3_1_7.png,output,1_E3_1_7_uninfected
,images/protein/1_E3_1_9.png,images/er/1_E3_1_9.png,images/nucleus/1_E3_1_9.png,output,1_E3_1_9_uninfected
,images/protein/1_E3_2_1.png,images/er/1_E3_2_1.png,images/nucleus/1_E3_2_1.png,output,1_E3_2_1_infected
,images/protein/1_E3_2_10.png,images/er/1_E3_2_10.png,images/nucleus/1_E3_2_10.png,output,1_E3_2_10_infected
,images/protein/1_E3_2_11.png,images/er/1_E3_2_11.png,images/nucleus/1_E3_2_11.png,output,1_E3_2_11_infected
,images/protein/1_E3_2_12.png,images/er/1_E3_2_12.png,images/nucleus/1_E3_2_12.png,output,1_E3_2_12_infected
,images/protein/1_E3_2_13.png,images/er/1_E3_2_13.png,images/nucleus/1_E3_2_13.png,output,1_E3_2_13_infected
,images/protein/1_E3_2_14.png,images/er/1_E3_2_14.png,images/nucleus/1_E3_2_14.png,output,1_E3_2_14_uninfected
,images/protein/1_E3_2_15.png,images/er/1_E3_2_15.png,images/nucleus/1_E3_2_15.png,output,1_E3_2_15_infected
,images/protein/1_E3_2_16.png,images/er/1_E3_2_16.png,images/nucleus/1_E3_2_16.png,output,1_E3_2_16_uninfected
,images/protein/1_E3_2_17.png,images/er/1_E3_2_17.png,images/nucleus/1_E3_2_17.png,output,1_E3_2_17_uninfected
,images/protein/1_E3_2_18.png,images/er/1_E3_2_18.png,images/nucleus/1_E3_2_18.png,output,1_E3_2_18_infected
,images/protein/1_E3_2_19.png,images/er/1_E3_2_19.png,images/nucleus/1_E3_2_19.png,output,1_E3_2_19_uninfected
,images/protein/1_E3_2_20.png,images/er/1_E3_2_20.png,images/nucleus/1_E3_2_20.png,output,1_E3_2_20_uninfected
,images/protein/1_E3_2_21.png,images/er/1_E3_2_21.png,images/nucleus/1_E3_2_21.png,output,1_E3_2_21_uninfected
,images/protein/1_E3_2_23.png,images/er/1_E3_2_23.png,images/nucleus/1_E3_2_23.png,output,1_E3_2_23_uninfected
,images/protein/1_E3_2_24.png,images/er/1_E3_2_24.png,images/nucleus/1_E3_2_24.png,output,1_E3_2_24_infected
,images/protein/1_E3_2_25.png,images/er/1_E3_2_25.png,images/nucleus/1_E3_2_25.png,output,1_E3_2_25_infected
,images/protein/1_E3_2_26.png,images/er/1_E3_2_26.png,images/nucleus/1_E3_2_26.png,output,1_E3_2_26_uninfected
,images/protein/1_E3_2_27.png,images/er/1_E3_2_27.png,images/nucleus/1_E3_2_27.png,output,1_E3_2_27_infected
,images/protein/1_E3_2_28.png,images/er/1_E3_2_28.png,images/nucleus/1_E3_2_28.png,output,1_E3_2_28_uninfected
,images/protein/1_E3_2_29.png,images/er/1_E3_2_29.png,images/nucleus/1_E3_2_29.png,output,1_E3_2_29_infected
,images/protein/1_E3_2_3.png,images/er/1_E3_2_3.png,images/nucleus/1_E3_2_3.png,output,1_E3_2_3_uninfected
,images/protein/1_E3_2_30.png,images/er/1_E3_2_30.png,images/nucleus/1_E3_2_30.png,output,1_E3_2_30_uninfected
,images/protein/1_E3_2_31.png,images/er/1_E3_2_31.png,images/nucleus/1_E3_2_31.png,output,1_E3_2_31_infected
,images/protein/1_E3_2_32.png,images/er/1_E3_2_32.png,images/nucleus/1_E3_2_32.png,output,1_E3_2_32_infected
,images/protein/1_E3_2_33.png,images/er/1_E3_2_33.png,images/nucleus/1_E3_2_33.png,output,1_E3_2_33_infected
,images/protein/1_E3_2_34.png,images/er/1_E3_2_34.png,images/nucleus/1_E3_2_34.png,output,1_E3_2_34_uninfected
,images/protein/1_E3_2_4.png,images/er/1_E3_2_4.png,images/nucleus/1_E3_2_4.png,output,1_E3_2_4_infected
,images/protein/1_E3_2_5.png,images/er/1_E3_2_5.png,images/nucleus/1_E3_2_5.png,output,1_E3_2_5_infected
,images/protein/1_E3_2_6.png,images/er/1_E3_2_6.png,images/nucleus/1_E3_2_6.png,output,1_E3_2_6_infected
,images/protein/1_E3_2_7.png,images/er/1_E3_2_7.png,images/nucleus/1_E3_2_7.png,output,1_E3_2_7_uninfected
,images/protein/1_E3_2_8.png,images/er/1_E3_2_8.png,images/nucleus/1_E3_2_8.png,output,1_E3_2_8_infected
,images/protein/1_E3_2_9.png,images/er/1_E3_2_9.png,images/nucleus/1_E3_2_9.png,output,1_E3_2_9_infected
,images/protein/1_E3_3_1.png,images/er/1_E3_3_1.png,images/nucleus/1_E3_3_1.png,output,1_E3_3_1_uninfected
,images/protein/1_E3_3_10.png,images/er/1_E3_3_10.png,images/nucleus/1_E3_3_10.png,output,1_E3_3_10_infected
,images/protein/1_E3_3_11.png,images/er/1_E3_3_11.png,images/nucleus/1_E3_3_11.png,output,1_E3_3_11_uninfected
,images/protein/1_E3_3_12.png,images/er/1_E3_3_12.png,images/nucleus/1_E3_3_12.png,output,1_E3_3_12_uninfected
,images/protein/1_E3_3_13.png,images/er/1_E3_3_13.png,images/nucleus/1_E3_3_13.png,output,1_E3_3_13_uninfected
,images/protein/1_E3_3_14.png,images/er/1_E3_3_14.png,images/nucleus/1_E3_3_14.png,output,1_E3_3_14_infected
,images/protein/1_E3_3_15.png,images/er/1_E3_3_15.png,images/nucleus/1_E3_3_15.png,output,1_E3_3_15_uninfected
,images/protein/1_E3_3_16.png,images/er/1_E3_3_16.png,images/nucleus/1_E3_3_16.png,output,1_E3_3_16_uninfected
,images/protein/1_E3_3_17.png,images/er/1_E3_3_17.png,images/nucleus/1_E3_3_17.png,output,1_E3_3_17_uninfected
,images/protein/1_E3_3_18.png,images/er/1_E3_3_18.png,images/nucleus/1_E3_3_18.png,output,1_E3_3_18_uninfected
,images/protein/1_E3_3_19.png,images/er/1_E3_3_19.png,images/nucleus/1_E3_3_19.png,output,1_E3_3_19_uninfected
,images/protein/1_E3_3_2.png,images/er/1_E3_3_2.png,images/nucleus/1_E3_3_2.png,output,1_E3_3_2_infected
,images/protein/1_E3_3_20.png,images/er/1_E3_3_20.png,images/nucleus/1_E3_3_20.png,output,1_E3_3_20_uninfected
,images/protein/1_E3_3_21.png,images/er/1_E3_3_21.png,images/nucleus/1_E3_3_21.png,output,1_E3_3_21_uninfected
,images/protein/1_E3_3_22.png,images/er/1_E3_3_22.png,images/nucleus/1_E3_3_22.png,output,1_E3_3_22_uninfected
,images/protein/1_E3_3_23.png,images/er/1_E3_3_23.png,images/nucleus/1_E3_3_23.png,output,1_E3_3_23_uninfected
,images/protein/1_E3_3_24.png,images/er/1_E3_3_24.png,images/nucleus/1_E3_3_24.png,output,1_E3_3_24_uninfected
,images/protein/1_E3_3_25.png,images/er/1_E3_3_25.png,images/nucleus/1_E3_3_25.png,output,1_E3_3_25_uninfected
,images/protein/1_E3_3_27.png,images/er/1_E3_3_27.png,images/nucleus/1_E3_3_27.png,output,1_E3_3_27_uninfected
,images/protein/1_E3_3_28.png,images/er/1_E3_3_28.png,images/nucleus/1_E3_3_28.png,output,1_E3_3_28_uninfected
,images/protein/1_E3_3_29.png,images/er/1_E3_3_29.png,images/nucleus/1_E3_3_29.png,output,1_E3_3_29_uninfected
,images/protein/1_E3_3_3.png,images/er/1_E3_3_3.png,images/nucleus/1_E3_3_3.png,output,1_E3_3_3_infected
,images/protein/1_E3_3_30.png,images/er/1_E3_3_30.png,images/nucleus/1_E3_3_30.png,output,1_E3_3_30_uninfected
,images/protein/1_E3_3_31.png,images/er/1_E3_3_31.png,images/nucleus/1_E3_3_31.png,output,1_E3_3_31_uninfected
,images/protein/1_E3_3_32.png,images/er/1_E3_3_32.png,images/nucleus/1_E3_3_32.png,output,1_E3_3_32_uninfected
,images/protein/1_E3_3_33.png,images/er/1_E3_3_33.png,images/nucleus/1_E3_3_33.png,output,1_E3_3_33_uninfected
,images/protein/1_E3_3_34.png,images/er/1_E3_3_34.png,images/nucleus/1_E3_3_34.png,output,1_E3_3_34_uninfected
,images/protein/1_E3_3_35.png,images/er/1_E3_3_35.png,images/nucleus/1_E3_3_35.png,output,1_E3_3_35_uninfected
,images/protein/1_E3_3_4.png,images/er/1_E3_3_4.png,images/nucleus/1_E3_3_4.png,output,1_E3_3_4_infected
,images/protein/1_E3_3_5.png,images/er/1_E3_3_5.png,images/nucleus/1_E3_3_5.png,output,1_E3_3_5_infected
,images/protein/1_E3_3_6.png,images/er/1_E3_3_6.png,images/nucleus/1_E3_3_6.png,output,1_E3_3_6_infected
,images/protein/1_E3_3_8.png,images/er/1_E3_3_8.png,images/nucleus/1_E3_3_8.png,output,1_E3_3_8_infected
,images/protein/1_E3_3_9.png,images/er/1_E3_3_9.png,images/nucleus/1_E3_3_9.png,output,1_E3_3_9_infected
,images/protein/1_E3_4_1.png,images/er/1_E3_4_1.png,images/nucleus/1_E3_4_1.png,output,1_E3_4_1_uninfected
,images/protein/1_E3_4_11.png,images/er/1_E3_4_11.png,images/nucleus/1_E3_4_11.png,output,1_E3_4_11_uninfected
,images/protein/1_E3_4_12.png,images/er/1_E3_4_12.png,images/nucleus/1_E3_4_12.png,output,1_E3_4_12_infected
,images/protein/1_E3_4_13.png,images/er/1_E3_4_13.png,images/nucleus/1_E3_4_13.png,output,1_E3_4_13_infected
,images/protein/1_E3_4_14.png,images/er/1_E3_4_14.png,images/nucleus/1_E3_4_14.png,output,1_E3_4_14_uninfected
,images/protein/1_E3_4_15.png,images/er/1_E3_4_15.png,images/nucleus/1_E3_4_15.png,output,1_E3_4_15_uninfected
,images/protein/1_E3_4_16.png,images/er/1_E3_4_16.png,images/nucleus/1_E3_4_16.png,output,1_E3_4_16_infected
,images/protein/1_E3_4_17.png,images/er/1_E3_4_17.png,images/nucleus/1_E3_4_17.png,output,1_E3_4_17_uninfected
,images/protein/1_E3_4_18.png,images/er/1_E3_4_18.png,images/nucleus/1_E3_4_18.png,output,1_E3_4_18_infected
,images/protein/1_E3_4_19.png,images/er/1_E3_4_19.png,images/nucleus/1_E3_4_19.png,output,1_E3_4_19_uninfected
,images/protein/1_E3_4_2.png,images/er/1_E3_4_2.png,images/nucleus/1_E3_4_2.png,output,1_E3_4_2_infected
,images/protein/1_E3_4_20.png,images/er/1_E3_4_20.png,images/nucleus/1_E3_4_20.png,output,1_E3_4_20_uninfected
,images/protein/1_E3_4_21.png,images/er/1_E3_4_21.png,images/nucleus/1_E3_4_21.png,output,1_E3_4_21_uninfected
,images/protein/1_E3_4_22.png,images/er/1_E3_4_22.png,images/nucleus/1_E3_4_22.png,output,1_E3_4_22_uninfected
,images/protein/1_E3_4_23.png,images/er/1_E3_4_23.png,images/nucleus/1_E3_4_23.png,output,1_E3_4_23_uninfected
,images/protein/1_E3_4_3.png,images/er/1_E3_4_3.png,images/nucleus/1_E3_4_3.png,output,1_E3_4_3_infected
,images/protein/1_E3_4_4.png,images/er/1_E3_4_4.png,images/nucleus/1_E3_4_4.png,output,1_E3_4_4_infected
,images/protein/1_E3_4_5.png,images/er/1_E3_4_5.png,images/nucleus/1_E3_4_5.png,output,1_E3_4_5_infected
,images/protein/1_E3_4_6.png,images/er/1_E3_4_6.png,images/nucleus/1_E3_4_6.png,output,1_E3_4_6_infected
,images/protein/1_E3_4_7.png,images/er/1_E3_4_7.png,images/nucleus/1_E3_4_7.png,output,1_E3_4_7_uninfected
,images/protein/1_E3_4_8.png,images/er/1_E3_4_8.png,images/nucleus/1_E3_4_8.png,output,1_E3_4_8_infected
,images/protein/1_E3_4_9.png,images/er/1_E3_4_9.png,images/nucleus/1_E3_4_9.png,output,1_E3_4_9_infected
,images/protein/1_E3_5_1.png,images/er/1_E3_5_1.png,images/nucleus/1_E3_5_1.png,output,1_E3_5_1_infected
,images/protein/1_E3_5_10.png,images/er/1_E3_5_10.png,images/nucleus/1_E3_5_10.png,output,1_E3_5_10_uninfected
,images/protein/1_E3_5_11.png,images/er/1_E3_5_11.png,images/nucleus/1_E3_5_11.png,output,1_E3_5_11_uninfected
,images/protein/1_E3_5_12.png,images/er/1_E3_5_12.png,images/nucleus/1_E3_5_12.png,output,1_E3_5_12_uninfected
,images/protein/1_E3_5_13.png,images/er/1_E3_5_13.png,images/nucleus/1_E3_5_13.png,output,1_E3_5_13_uninfected
,images/protein/1_E3_5_14.png,images/er/1_E3_5_14.png,images/nucleus/1_E3_5_14.png,output,1_E3_5_14_uninfected
,images/protein/1_E3_5_15.png,images/er/1_E3_5_15.png,images/nucleus/1_E3_5_15.png,output,1_E3_5_15_uninfected
,images/protein/1_E3_5_16.png,images/er/1_E3_5_16.png,images/nucleus/1_E3_5_16.png,output,1_E3_5_16_uninfected
,images/protein/1_E3_5_17.png,images/er/1_E3_5_17.png,images/nucleus/1_E3_5_17.png,output,1_E3_5_17_uninfected
,images/protein/1_E3_5_18.png,images/er/1_E3_5_18.png,images/nucleus/1_E3_5_18.png,output,1_E3_5_18_infected
,images/protein/1_E3_5_19.png,images/er/1_E3_5_19.png,images/nucleus/1_E3_5_19.png,output,1_E3_5_19_uninfected
,images/protein/1_E3_5_2.png,images/er/1_E3_5_2.png,images/nucleus/1_E3_5_2.png,output,1_E3_5_2_infected
,images/protein/1_E3_5_20.png,images/er/1_E3_5_20.png,images/nucleus/1_E3_5_20.png,output,1_E3_5_20_uninfected
,images/protein/1_E3_5_21.png,images/er/1_E3_5_21.png,images/nucleus/1_E3_5_21.png,output,1_E3_5_21_infected
,images/protein/1_E3_5_22.png,images/er/1_E3_5_22.png,images/nucleus/1_E3_5_22.png,output,1_E3_5_22_uninfected
,images/protein/1_E3_5_23.png,images/er/1_E3_5_23.png,images/nucleus/1_E3_5_23.png,output,1_E3_5_23_uninfected
,images/protein/1_E3_5_24.png,images/er/1_E3_5_24.png,images/nucleus/1_E3_5_24.png,output,1_E3_5_24_uninfected
,images/protein/1_E3_5_25.png,images/er/1_E3_5_25.png,images/nucleus/1_E3_5_25.png,output,1_E3_5_25_uninfected
,images/protein/1_E3_5_26.png,images/er/1_E3_5_26.png,images/nucleus/1_E3_5_26.png,output,1_E3_5_26_uninfected
,images/protein/1_E3_5_27.png,images/er/1_E3_5_27.png,images/nucleus/1_E3_5_27.png,output,1_E3_5_27_uninfected
,images/protein/1_E3_5_28.png,images/er/1_E3_5_28.png,images/nucleus/1_E3_5_28.png,output,1_E3_5_28_infected
,images/protein/1_E3_5_29.png,images/er/1_E3_5_29.png,images/nucleus/1_E3_5_29.png,output,1_E3_5_29_uninfected
,images/protein/1_E3_5_3.png,images/er/1_E3_5_3.png,images/nucleus/1_E3_5_3.png,output,1_E3_5_3_uninfected
,images/protein/1_E3_5_30.png,images/er/1_E3_5_30.png,images/nucleus/1_E3_5_30.png,output,1_E3_5_30_infected
,images/protein/1_E3_5_31.png,images/er/1_E3_5_31.png,images/nucleus/1_E3_5_31.png,output,1_E3_5_31_uninfected
,images/protein/1_E3_5_32.png,images/er/1_E3_5_32.png,images/nucleus/1_E3_5_32.png,output,1_E3_5_32_uninfected
,images/protein/1_E3_5_4.png,images/er/1_E3_5_4.png,images/nucleus/1_E3_5_4.png,output,1_E3_5_4_uninfected
,images/protein/1_E3_5_5.png,images/er/1_E3_5_5.png,images/nucleus/1_E3_5_5.png,output,1_E3_5_5_uninfected
,images/protein/1_E3_5_6.png,images/er/1_E3_5_6.png,images/nucleus/1_E3_5_6.png,output,1_E3_5_6_uninfected
,images/protein/1_E3_5_7.png,images/er/1_E3_5_7.png,images/nucleus/1_E3_5_7.png,output,1_E3_5_7_uninfected
,images/protein/1_E3_5_8.png,images/er/1_E3_5_8.png,images/nucleus/1_E3_5_8.png,output,1_E3_5_8_uninfected
,images/protein/1_E3_5_9.png,images/er/1_E3_5_9.png,images/nucleus/1_E3_5_9.png,output,1_E3_5_9_uninfected
,images/protein/1_E3_6_1.png,images/er/1_E3_6_1.png,images/nucleus/1_E3_6_1.png,output,1_E3_6_1_uninfected
,images/protein/1_E3_6_10.png,images/er/1_E3_6_10.png,images/nucleus/1_E3_6_10.png,output,1_E3_6_10_uninfected
,images/protein/1_E3_6_11.png,images/er/1_E3_6_11.png,images/nucleus/1_E3_6_11.png,output,1_E3_6_11_uninfected
,images/protein/1_E3_6_12.png,images/er/1_E3_6_12.png,images/nucleus/1_E3_6_12.png,output,1_E3_6_12_infected
,images/protein/1_E3_6_13.png,images/er/1_E3_6_13.png,images/nucleus/1_E3_6_13.png,output,1_E3_6_13_uninfected
,images/protein/1_E3_6_14.png,images/er/1_E3_6_14.png,images/nucleus/1_E3_6_14.png,output,1_E3_6_14_uninfected
,images/protein/1_E3_6_15.png,images/er/1_E3_6_15.png,images/nucleus/1_E3_6_15.png,output,1_E3_6_15_uninfected
,images/protein/1_E3_6_16.png,images/er/1_E3_6_16.png,images/nucleus/1_E3_6_16.png,output,1_E3_6_16_uninfected
,images/protein/1_E3_6_17.png,images/er/1_E3_6_17.png,images/nucleus/1_E3_6_17.png,output,1_E3_6_17_uninfected
,images/protein/1_E3_6_18.png,images/er/1_E3_6_18.png,images/nucleus/1_E3_6_18.png,output,1_E3_6_18_uninfected
,images/protein/1_E3_6_19.png,images/er/1_E3_6_19.png,images/nucleus/1_E3_6_19.png,output,1_E3_6_19_uninfected
,images/protein/1_E3_6_20.png,images/er/1_E3_6_20.png,images/nucleus/1_E3_6_20.png,output,1_E3_6_20_infected
,images/protein/1_E3_6_21.png,images/er/1_E3_6_21.png,images/nucleus/1_E3_6_21.png,output,1_E3_6_21_uninfected
,images/protein/1_E3_6_22.png,images/er/1_E3_6_22.png,images/nucleus/1_E3_6_22.png,output,1_E3_6_22_uninfected
,images/protein/1_E3_6_24.png,images/er/1_E3_6_24.png,images/nucleus/1_E3_6_24.png,output,1_E3_6_24_uninfected
,images/protein/1_E3_6_25.png,images/er/1_E3_6_25.png,images/nucleus/1_E3_6_25.png,output,1_E3_6_25_uninfected
,images/protein/1_E3_6_26.png,images/er/1_E3_6_26.png,images/nucleus/1_E3_6_26.png,output,1_E3_6_26_uninfected
,images/protein/1_E3_6_27.png,images/er/1_E3_6_27.png,images/nucleus/1_E3_6_27.png,output,1_E3_6_27_uninfected
,images/protein/1_E3_6_3.png,images/er/1_E3_6_3.png,images/nucleus/1_E3_6_3.png,output,1_E3_6_3_uninfected
,images/protein/1_E3_6_5.png,images/er/1_E3_6_5.png,images/nucleus/1_E3_6_5.png,output,1_E3_6_5_uninfected
,images/protein/1_E3_6_6.png,images/er/1_E3_6_6.png,images/nucleus/1_E3_6_6.png,output,1_E3_6_6_uninfected
,images/protein/1_E3_6_7.png,images/er/1_E3_6_7.png,images/nucleus/1_E3_6_7.png,output,1_E3_6_7_uninfected
,images/protein/1_E3_6_8.png,images/er/1_E3_6_8.png,images/nucleus/1_E3_6_8.png,output,1_E3_6_8_uninfected
,images/protein/1_E3_6_9.png,images/er/1_E3_6_9.png,images/nucleus/1_E3_6_9.png,output,1_E3_6_9_infected
,images/protein/1_E3_7_1.png,images/er/1_E3_7_1.png,images/nucleus/1_E3_7_1.png,output,1_E3_7_1_uninfected
,images/protein/1_E3_7_10.png,images/er/1_E3_7_10.png,images/nucleus/1_E3_7_10.png,output,1_E3_7_10_infected
,images/protein/1_E3_7_11.png,images/er/1_E3_7_11.png,images/nucleus/1_E3_7_11.png,output,1_E3_7_11_uninfected
,images/protein/1_E3_7_12.png,images/er/1_E3_7_12.png,images/nucleus/1_E3_7_12.png,output,1_E3_7_12_uninfected
,images/protein/1_E3_7_14.png,images/er/1_E3_7_14.png,images/nucleus/1_E3_7_14.png,output,1_E3_7_14_uninfected
,images/protein/1_E3_7_15.png,images/er/1_E3_7_15.png,images/nucleus/1_E3_7_15.png,output,1_E3_7_15_infected
,images/protein/1_E3_7_16.png,images/er/1_E3_7_16.png,images/nucleus/1_E3_7_16.png,output,1_E3_7_16_uninfected
,images/protein/1_E3_7_17.png,images/er/1_E3_7_17.png,images/nucleus/1_E3_7_17.png,output,1_E3_7_17_infected
,images/protein/1_E3_7_18.png,images/er/1_E3_7_18.png,images/nucleus/1_E3_7_18.png,output,1_E3_7_18_uninfected
,images/protein/1_E3_7_19.png,images/er/1_E3_7_19.png,images/nucleus/1_E3_7_19.png,output,1_E3_7_19_infected
,images/protein/1_E3_7_2.png,images/er/1_E3_7_2.png,images/nucleus/1_E3_7_2.png,output,1_E3_7_2_uninfected
,images/protein/1_E3_7_20.png,images/er/1_E3_7_20.png,images/nucleus/1_E3_7_20.png,output,1_E3_7_20_infected
,images/protein/1_E3_7_21.png,images/er/1_E3_7_21.png,images/nucleus/1_E3_7_21.png,output,1_E3_7_21_uninfected
,images/protein/1_E3_7_22.png,images/er/1_E3_7_22.png,images/nucleus/1_E3_7_22.png,output,1_E3_7_22_infected
,images/protein/1_E3_7_23.png,images/er/1_E3_7_23.png,images/nucleus/1_E3_7_23.png,output,1_E3_7_23_infected
,images/protein/1_E3_7_24.png,images/er/1_E3_7_24.png,images/nucleus/1_E3_7_24.png,output,1_E3_7_24_infected
,images/protein/1_E3_7_25.png,images/er/1_E3_7_25.png,images/nucleus/1_E3_7_25.png,output,1_E3_7_25_infected
,images/protein/1_E3_7_26.png,images/er/1_E3_7_26.png,images/nucleus/1_E3_7_26.png,output,1_E3_7_26_uninfected
,images/protein/1_E3_7_27.png,images/er/1_E3_7_27.png,images/nucleus/1_E3_7_27.png,output,1_E3_7_27_infected
,images/protein/1_E3_7_28.png,images/er/1_E3_7_28.png,images/nucleus/1_E3_7_28.png,output,1_E3_7_28_uninfected
,images/protein/1_E3_7_29.png,images/er/1_E3_7_29.png,images/nucleus/1_E3_7_29.png,output,1_E3_7_29_uninfected
,images/protein/1_E3_7_3.png,images/er/1_E3_7_3.png,images/nucleus/1_E3_7_3.png,output,1_E3_7_3_uninfected
,images/protein/1_E3_7_30.png,images/er/1_E3_7_30.png,images/nucleus/1_E3_7_30.png,output,1_E3_7_30_infected
,images/protein/1_E3_7_31.png,images/er/1_E3_7_31.png,images/nucleus/1_E3_7_31.png,output,1_E3_7_31_uninfected
,images/protein/1_E3_7_32.png,images/er/1_E3_7_32.png,images/nucleus/1_E3_7_32.png,output,1_E3_7_32_infected
,images/protein/1_E3_7_33.png,images/er/1_E3_7_33.png,images/nucleus/1_E3_7_33.png,output,1_E3_7_33_infected
,images/protein/1_E3_7_34.png,images/er/1_E3_7_34.png,images/nucleus/1_E3_7_34.png,output,1_E3_7_34_infected
,images/protein/1_E3_7_35.png,images/er/1_E3_7_35.png,images/nucleus/1_E3_7_35.png,output,1_E3_7_35_infected
,images/protein/1_E3_7_36.png,images/er/1_E3_7_36.png,images/nucleus/1_E3_7_36.png,output,1_E3_7_36_uninfected
,images/protein/1_E3_7_37.png,images/er/1_E3_7_37.png,images/nucleus/1_E3_7_37.png,output,1_E3_7_37_uninfected
,images/protein/1_E3_7_38.png,images/er/1_E3_7_38.png,images/nucleus/1_E3_7_38.png,output,1_E3_7_38_infected
,images/protein/1_E3_7_39.png,images/er/1_E3_7_39.png,images/nucleus/1_E3_7_39.png,output,1_E3_7_39_uninfected
,images/protein/1_E3_7_4.png,images/er/1_E3_7_4.png,images/nucleus/1_E3_7_4.png,output,1_E3_7_4_infected
,images/protein/1_E3_7_40.png,images/er/1_E3_7_40.png,images/nucleus/1_E3_7_40.png,output,1_E3_7_40_uninfected
,images/protein/1_E3_7_41.png,images/er/1_E3_7_41.png,images/nucleus/1_E3_7_41.png,output,1_E3_7_41_uninfected
,images/protein/1_E3_7_42.png,images/er/1_E3_7_42.png,images/nucleus/1_E3_7_42.png,output,1_E3_7_42_infected
,images/protein/1_E3_7_43.png,images/er/1_E3_7_43.png,images/nucleus/1_E3_7_43.png,output,1_E3_7_43_uninfected
,images/protein/1_E3_7_44.png,images/er/1_E3_7_44.png,images/nucleus/1_E3_7_44.png,output,1_E3_7_44_infected
,images/protein/1_E3_7_45.png,images/er/1_E3_7_45.png,images/nucleus/1_E3_7_45.png,output,1_E3_7_45_infected
,images/protein/1_E3_7_46.png,images/er/1_E3_7_46.png,images/nucleus/1_E3_7_46.png,output,1_E3_7_46_uninfected
,images/protein/1_E3_7_47.png,images/er/1_E3_7_47.png,images/nucleus/1_E3_7_47.png,output,1_E3_7_47_infected
,images/protein/1_E3_7_48.png,images/er/1_E3_7_48.png,images/nucleus/1_E3_7_48.png,output,1_E3_7_48_infected
,images/protein/1_E3_7_49.png,images/er/1_E3_7_49.png,images/nucleus/1_E3_7_49.png,output,1_E3_7_49_infected
,images/protein/1_E3_7_5.png,images/er/1_E3_7_5.png,images/nucleus/1_E3_7_5.png,output,1_E3_7_5_infected
,images/protein/1_E3_7_6.png,images/er/1_E3_7_6.png,images/nucleus/1_E3_7_6.png,output,1_E3_7_6_infected
,images/protein/1_E3_7_7.png,images/er/1_E3_7_7.png,images/nucleus/1_E3_7_7.png,output,1_E3_7_7_uninfected
,images/protein/1_E3_7_8.png,images/er/1_E3_7_8.png,images/nucleus/1_E3_7_8.png,output,1_E3_7_8_infected
,images/protein/1_E3_7_9.png,images/er/1_E3_7_9.png,images/nucleus/1_E3_7_9.png,output,1_E3_7_9_infected
,images/protein/1_E3_8_1.png,images/er/1_E3_8_1.png,images/nucleus/1_E3_8_1.png,output,1_E3_8_1_infected
,images/protein/1_E3_8_10.png,images/er/1_E3_8_10.png,images/nucleus/1_E3_8_10.png,output,1_E3_8_10_infected
,images/protein/1_E3_8_11.png,images/er/1_E3_8_11.png,images/nucleus/1_E3_8_11.png,output,1_E3_8_11_infected
,images/protein/1_E3_8_12.png,images/er/1_E3_8_12.png,images/nucleus/1_E3_8_12.png,output,1_E3_8_12_infected
,images/protein/1_E3_8_13.png,images/er/1_E3_8_13.png,images/nucleus/1_E3_8_13.png,output,1_E3_8_13_infected
,images/protein/1_E3_8_14.png,images/er/1_E3_8_14.png,images/nucleus/1_E3_8_14.png,output,1_E3_8_14_infected
,images/protein/1_E3_8_15.png,images/er/1_E3_8_15.png,images/nucleus/1_E3_8_15.png,output,1_E3_8_15_infected
,images/protein/1_E3_8_16.png,images/er/1_E3_8_16.png,images/nucleus/1_E3_8_16.png,output,1_E3_8_16_uninfected
,images/protein/1_E3_8_17.png,images/er/1_E3_8_17.png,images/nucleus/1_E3_8_17.png,output,1_E3_8_17_uninfected
,images/protein/1_E3_8_18.png,images/er/1_E3_8_18.png,images/nucleus/1_E3_8_18.png,output,1_E3_8_18_infected
,images/protein/1_E3_8_19.png,images/er/1_E3_8_19.png,images/nucleus/1_E3_8_19.png,output,1_E3_8_19_uninfected
,images/protein/1_E3_8_2.png,images/er/1_E3_8_2.png,images/nucleus/1_E3_8_2.png,output,1_E3_8_2_infected
,images/protein/1_E3_8_20.png,images/er/1_E3_8_20.png,images/nucleus/1_E3_8_20.png,output,1_E3_8_20_infected
,images/protein/1_E3_8_21.png,images/er/1_E3_8_21.png,images/nucleus/1_E3_8_21.png,output,1_E3_8_21_infected
,images/protein/1_E3_8_22.png,images/er/1_E3_8_22.png,images/nucleus/1_E3_8_22.png,output,1_E3_8_22_uninfected
,images/protein/1_E3_8_23.png,images/er/1_E3_8_23.png,images/nucleus/1_E3_8_23.png,output,1_E3_8_23_uninfected
,images/protein/1_E3_8_24.png,images/er/1_E3_8_24.png,images/nucleus/1_E3_8_24.png,output,1_E3_8_24_infected
,images/protein/1_E3_8_25.png,images/er/1_E3_8_25.png,images/nucleus/1_E3_8_25.png,output,1_E3_8_25_uninfected
,images/protein/1_E3_8_26.png,images/er/1_E3_8_26.png,images/nucleus/1_E3_8_26.png,output,1_E3_8_26_infected
,images/protein/1_E3_8_3.png,images/er/1_E3_8_3.png,images/nucleus/1_E3_8_3.png,output,1_E3_8_3_infected
,images/protein/1_E3_8_4.png,images/er/1_E3_8_4.png,images/nucleus/1_E3_8_4.png,output,1_E3_8_4_uninfected
,images/protein/1_E3_8_5.png,images/er/1_E3_8_5.png,images/nucleus/1_E3_8_5.png,output,1_E3_8_5_infected
,images/protein/1_E3_8_6.png,images/er/1_E3_8_6.png,images/nucleus/1_E3_8_6.png,output,1_E3_8_6_infected
,images/protein/1_E3_8_7.png,images/er/1_E3_8_7.png,images/nucleus/1_E3_8_7.png,output,1_E3_8_7_infected
,images/protein/1_E3_8_8.png,images/er/1_E3_8_8.png,images/nucleus/1_E3_8_8.png,output,1_E3_8_8_infected
,images/protein/1_E3_8_9.png,images/er/1_E3_8_9.png,images/nucleus/1_E3_8_9.png,output,1_E3_8_9_infected
,images/protein/1_E3_9_1.png,images/er/1_E3_9_1.png,images/nucleus/1_E3_9_1.png,output,1_E3_9_1_infected
,images/protein/1_E3_9_10.png,images/er/1_E3_9_10.png,images/nucleus/1_E3_9_10.png,output,1_E3_9_10_infected
,images/protein/1_E3_9_11.png,images/er/1_E3_9_11.png,images/nucleus/1_E3_9_11.png,output,1_E3_9_11_uninfected
,images/protein/1_E3_9_12.png,images/er/1_E3_9_12.png,images/nucleus/1_E3_9_12.png,output,1_E3_9_12_infected
,images/protein/1_E3_9_13.png,images/er/1_E3_9_13.png,images/nucleus/1_E3_9_13.png,output,1_E3_9_13_infected
,images/protein/1_E3_9_14.png,images/er/1_E3_9_14.png,images/nucleus/1_E3_9_14.png,output,1_E3_9_14_infected
,images/protein/1_E3_9_15.png,images/er/1_E3_9_15.png,images/nucleus/1_E3_9_15.png,output,1_E3_9_15_infected
,images/protein/1_E3_9_16.png,images/er/1_E3_9_16.png,images/nucleus/1_E3_9_16.png,output,1_E3_9_16_uninfected
,images/protein/1_E3_9_17.png,images/er/1_E3_9_17.png,images/nucleus/1_E3_9_17.png,output,1_E3_9_17_infected
,images/protein/1_E3_9_18.png,images/er/1_E3_9_18.png,images/nucleus/1_E3_9_18.png,output,1_E3_9_18_infected
,images/protein/1_E3_9_19.png,images/er/1_E3_9_19.png,images/nucleus/1_E3_9_19.png,output,1_E3_9_19_uninfected
,images/protein/1_E3_9_2.png,images/er/1_E3_9_2.png,images/nucleus/1_E3_9_2.png,output,1_E3_9_2_uninfected
,images/protein/1_E3_9_20.png,images/er/1_E3_9_20.png,images/nucleus/1_E3_9_20.png,output,1_E3_9_20_infected
,images/protein/1_E3_9_21.png,images/er/1_E3_9_21.png,images/nucleus/1_E3_9_21.png,output,1_E3_9_21_uninfected
,images/protein/1_E3_9_22.png,images/er/1_E3_9_22.png,images/nucleus/1_E3_9_22.png,output,1_E3_9_22_uninfected
,images/protein/1_E3_9_23.png,images/er/1_E3_9_23.png,images/nucleus/1_E3_9_23.png,output,1_E3_9_23_uninfected
,images/protein/1_E3_9_24.png,images/er/1_E3_9_24.png,images/nucleus/1_E3_9_24.png,output,1_E3_9_24_infected
,images/protein/1_E3_9_25.png,images/er/1_E3_9_25.png,images/nucleus/1_E3_9_25.png,output,1_E3_9_25_infected
,images/protein/1_E3_9_26.png,images/er/1_E3_9_26.png,images/nucleus/1_E3_9_26.png,output,1_E3_9_26_uninfected
,images/protein/1_E3_9_27.png,images/er/1_E3_9_27.png,images/nucleus/1_E3_9_27.png,output,1_E3_9_27_uninfected
,images/protein/1_E3_9_28.png,images/er/1_E3_9_28.png,images/nucleus/1_E3_9_28.png,output,1_E3_9_28_uninfected
,images/protein/1_E3_9_29.png,images/er/1_E3_9_29.png,images/nucleus/1_E3_9_29.png,output,1_E3_9_29_infected
,images/protein/1_E3_9_3.png,images/er/1_E3_9_3.png,images/nucleus/1_E3_9_3.png,output,1_E3_9_3_infected
,images/protein/1_E3_9_30.png,images/er/1_E3_9_30.png,images/nucleus/1_E3_9_30.png,output,1_E3_9_30_infected
,images/protein/1_E3_9_31.png,images/er/1_E3_9_31.png,images/nucleus/1_E3_9_31.png,output,1_E3_9_31_infected
,images/protein/1_E3_9_32.png,images/er/1_E3_9_32.png,images/nucleus/1_E3_9_32.png,output,1_E3_9_32_infected
,images/protein/1_E3_9_33.png,images/er/1_E3_9_33.png,images/nucleus/1_E3_9_33.png,output,1_E3_9_33_uninfected
,images/protein/1_E3_9_34.png,images/er/1_E3_9_34.png,images/nucleus/1_E3_9_34.png,output,1_E3_9_34_infected
,images/protein/1_E3_9_35.png,images/er/1_E3_9_35.png,images/nucleus/1_E3_9_35.png,output,1_E3_9_35_infected
,images/protein/1_E3_9_36.png,images/er/1_E3_9_36.png,images/nucleus/1_E3_9_36.png,output,1_E3_9_36_infected
,images/protein/1_E3_9_37.png,images/er/1_E3_9_37.png,images/nucleus/1_E3_9_37.png,output,1_E3_9_37_infected
,images/protein/1_E3_9_38.png,images/er/1_E3_9_38.png,images/nucleus/1_E3_9_38.png,output,1_E3_9_38_infected
,images/protein/1_E3_9_39.png,images/er/1_E3_9_39.png,images/nucleus/1_E3_9_39.png,output,1_E3_9_39_uninfected
,images/protein/1_E3_9_40.png,images/er/1_E3_9_40.png,images/nucleus/1_E3_9_40.png,output,1_E3_9_40_infected
,images/protein/1_E3_9_41.png,images/er/1_E3_9_41.png,images/nucleus/1_E3_9_41.png,output,1_E3_9_41_uninfected
,images/protein/1_E3_9_42.png,images/er/1_E3_9_42.png,images/nucleus/1_E3_9_42.png,output,1_E3_9_42_uninfected
,images/protein/1_E3_9_43.png,images/er/1_E3_9_43.png,images/nucleus/1_E3_9_43.png,output,1_E3_9_43_infected
,images/protein/1_E3_9_44.png,images/er/1_E3_9_44.png,images/nucleus/1_E3_9_44.png,output,1_E3_9_44_infected
,images/protein/1_E3_9_5.png,images/er/1_E3_9_5.png,images/nucleus/1_E3_9_5.png,output,1_E3_9_5_uninfected
,images/protein/1_E3_9_6.png,images/er/1_E3_9_6.png,images/nucleus/1_E3_9_6.png,output,1_E3_9_6_uninfected
,images/protein/1_E3_9_7.png,images/er/1_E3_9_7.png,images/nucleus/1_E3_9_7.png,output,1_E3_9_7_infected
,images/protein/1_E3_9_8.png,images/er/1_E3_9_8.png,images/nucleus/1_E3_9_8.png,output,1_E3_9_8_infected
,images/protein/1_E3_9_9.png,images/er/1_E3_9_9.png,images/nucleus/1_E3_9_9.png,output,1_E3_9_9_infected
,images/protein/2_H10_1_1.png,images/er/2_H10_1_1.png,images/nucleus/2_H10_1_1.png,output,2_H10_1_1_infected
,images/protein/2_H10_1_11.png,images/er/2_H10_1_11.png,images/nucleus/2_H10_1_11.png,output,2_H10_1_11_uninfected
,images/protein/2_H10_1_12.png,images/er/2_H10_1_12.png,images/nucleus/2_H10_1_12.png,output,2_H10_1_12_uninfected
,images/protein/2_H10_1_13.png,images/er/2_H10_1_13.png,images/nucleus/2_H10_1_13.png,output,2_H10_1_13_infected
,images/protein/2_H10_1_14.png,images/er/2_H10_1_14.png,images/nucleus/2_H10_1_14.png,output,2_H10_1_14_infected
,images/protein/2_H10_1_15.png,images/er/2_H10_1_15.png,images/nucleus/2_H10_1_15.png,output,2_H10_1_15_uninfected
,images/protein/2_H10_1_16.png,images/er/2_H10_1_16.png,images/nucleus/2_H10_1_16.png,output,2_H10_1_16_uninfected
,images/protein/2_H10_1_2.png,images/er/2_H10_1_2.png,images/nucleus/2_H10_1_2.png,output,2_H10_1_2_uninfected
,images/protein/2_H10_1_3.png,images/er/2_H10_1_3.png,images/nucleus/2_H10_1_3.png,output,2_H10_1_3_uninfected
,images/protein/2_H10_1_4.png,images/er/2_H10_1_4.png,images/nucleus/2_H10_1_4.png,output,2_H10_1_4_uninfected
,images/protein/2_H10_1_5.png,images/er/2_H10_1_5.png,images/nucleus/2_H10_1_5.png,output,2_H10_1_5_uninfected
,images/protein/2_H10_1_6.png,images/er/2_H10_1_6.png,images/nucleus/2_H10_1_6.png,output,2_H10_1_6_uninfected
,images/protein/2_H10_1_7.png,images/er/2_H10_1_7.png,images/nucleus/2_H10_1_7.png,output,2_H10_1_7_uninfected
,images/protein/2_H10_1_8.png,images/er/2_H10_1_8.png,images/nucleus/2_H10_1_8.png,output,2_H10_1_8_uninfected
,images/protein/2_H10_1_9.png,images/er/2_H10_1_9.png,images/nucleus/2_H10_1_9.png,output,2_H10_1_9_uninfected
,images/protein/2_H10_2_10.png,images/er/2_H10_2_10.png,images/nucleus/2_H10_2_10.png,output,2_H10_2_10_infected
,images/protein/2_H10_2_11.png,images/er/2_H10_2_11.png,images/nucleus/2_H10_2_11.png,output,2_H10_2_11_infected
,images/protein/2_H10_2_12.png,images/er/2_H10_2_12.png,images/nucleus/2_H10_2_12.png,output,2_H10_2_12_infected
,images/protein/2_H10_2_13.png,images/er/2_H10_2_13.png,images/nucleus/2_H10_2_13.png,output,2_H10_2_13_uninfected
,images/protein/2_H10_2_14.png,images/er/2_H10_2_14.png,images/nucleus/2_H10_2_14.png,output,2_H10_2_14_infected
,images/protein/2_H10_2_15.png,images/er/2_H10_2_15.png,images/nucleus/2_H10_2_15.png,output,2_H10_2_15_infected
,images/protein/2_H10_2_16.png,images/er/2_H10_2_16.png,images/nucleus/2_H10_2_16.png,output,2_H10_2_16_infected
,images/protein/2_H10_2_3.png,images/er/2_H10_2_3.png,images/nucleus/2_H10_2_3.png,output,2_H10_2_3_infected
,images/protein/2_H10_2_4.png,images/er/2_H10_2_4.png,images/nucleus/2_H10_2_4.png,output,2_H10_2_4_infected
,images/protein/2_H10_2_5.png,images/er/2_H10_2_5.png,images/nucleus/2_H10_2_5.png,output,2_H10_2_5_infected
,images/protein/2_H10_2_6.png,images/er/2_H10_2_6.png,images/nucleus/2_H10_2_6.png,output,2_H10_2_6_infected
,images/protein/2_H10_2_7.png,images/er/2_H10_2_7.png,images/nucleus/2_H10_2_7.png,output,2_H10_2_7_infected
,images/protein/2_H10_2_8.png,images/er/2_H10_2_8.png,images/nucleus/2_H10_2_8.png,output,2_H10_2_8_infected
,images/protein/2_H10_2_9.png,images/er/2_H10_2_9.png,images/nucleus/2_H10_2_9.png,output,2_H10_2_9_infected
,images/protein/2_H10_3_1.png,images/er/2_H10_3_1.png,images/nucleus/2_H10_3_1.png,output,2_H10_3_1_uninfected
,images/protein/2_H10_3_10.png,images/er/2_H10_3_10.png,images/nucleus/2_H10_3_10.png,output,2_H10_3_10_infected
,images/protein/2_H10_3_11.png,images/er/2_H10_3_11.png,images/nucleus/2_H10_3_11.png,output,2_H10_3_11_infected
,images/protein/2_H10_3_12.png,images/er/2_H10_3_12.png,images/nucleus/2_H10_3_12.png,output,2_H10_3_12_uninfected
,images/protein/2_H10_3_13.png,images/er/2_H10_3_13.png,images/nucleus/2_H10_3_13.png,output,2_H10_3_13_infected
,images/protein/2_H10_3_14.png,images/er/2_H10_3_14.png,images/nucleus/2_H10_3_14.png,output,2_H10_3_14_uninfected
,images/protein/2_H10_3_15.png,images/er/2_H10_3_15.png,images/nucleus/2_H10_3_15.png,output,2_H10_3_15_infected
,images/protein/2_H10_3_16.png,images/er/2_H10_3_16.png,images/nucleus/2_H10_3_16.png,output,2_H10_3_16_uninfected
,images/protein/2_H10_3_17.png,images/er/2_H10_3_17.png,images/nucleus/2_H10_3_17.png,output,2_H10_3_17_uninfected
,images/protein/2_H10_3_18.png,images/er/2_H10_3_18.png,images/nucleus/2_H10_3_18.png,output,2_H10_3_18_uninfected
,images/protein/2_H10_3_19.png,images/er/2_H10_3_19.png,images/nucleus/2_H10_3_19.png,output,2_H10_3_19_infected
,images/protein/2_H10_3_2.png,images/er/2_H10_3_2.png,images/nucleus/2_H10_3_2.png,output,2_H10_3_2_uninfected
,images/protein/2_H10_3_20.png,images/er/2_H10_3_20.png,images/nucleus/2_H10_3_20.png,output,2_H10_3_20_uninfected
,images/protein/2_H10_3_21.png,images/er/2_H10_3_21.png,images/nucleus/2_H10_3_21.png,output,2_H10_3_21_infected
,images/protein/2_H10_3_22.png,images/er/2_H10_3_22.png,images/nucleus/2_H10_3_22.png,output,2_H10_3_22_infected
,images/protein/2_H10_3_23.png,images/er/2_H10_3_23.png,images/nucleus/2_H10_3_23.png,output,2_H10_3_23_infected
,images/protein/2_H10_3_24.png,images/er/2_H10_3_24.png,images/nucleus/2_H10_3_24.png,output,2_H10_3_24_uninfected
,images/protein/2_H10_3_25.png,images/er/2_H10_3_25.png,images/nucleus/2_H10_3_25.png,output,2_H10_3_25_uninfected
,images/protein/2_H10_3_26.png,images/er/2_H10_3_26.png,images/nucleus/2_H10_3_26.png,output,2_H10_3_26_infected
,images/protein/2_H10_3_27.png,images/er/2_H10_3_27.png,images/nucleus/2_H10_3_27.png,output,2_H10_3_27_uninfected
,images/protein/2_H10_3_28.png,images/er/2_H10_3_28.png,images/nucleus/2_H10_3_28.png,output,2_H10_3_28_uninfected
,images/protein/2_H10_3_29.png,images/er/2_H10_3_29.png,images/nucleus/2_H10_3_29.png,output,2_H10_3_29_uninfected
,images/protein/2_H10_3_3.png,images/er/2_H10_3_3.png,images/nucleus/2_H10_3_3.png,output,2_H10_3_3_infected
,images/protein/2_H10_3_30.png,images/er/2_H10_3_30.png,images/nucleus/2_H10_3_30.png,output,2_H10_3_30_uninfected
,images/protein/2_H10_3_31.png,images/er/2_H10_3_31.png,images/nucleus/2_H10_3_31.png,output,2_H10_3_31_infected
,images/protein/2_H10_3_33.png,images/er/2_H10_3_33.png,images/nucleus/2_H10_3_33.png,output,2_H10_3_33_infected
,images/protein/2_H10_3_34.png,images/er/2_H10_3_34.png,images/nucleus/2_H10_3_34.png,output,2_H10_3_34_infected
,images/protein/2_H10_3_4.png,images/er/2_H10_3_4.png,images/nucleus/2_H10_3_4.png,output,2_H10_3_4_uninfected
,images/protein/2_H10_3_5.png,images/er/2_H10_3_5.png,images/nucleus/2_H10_3_5.png,output,2_H10_3_5_infected
,images/protein/2_H10_3_6.png,images/er/2_H10_3_6.png,images/nucleus/2_H10_3_6.png,output,2_H10_3_6_infected
,images/protein/2_H10_3_7.png,images/er/2_H10_3_7.png,images/nucleus/2_H10_3_7.png,output,2_H10_3_7_infected
,images/protein/2_H10_3_8.png,images/er/2_H10_3_8.png,images/nucleus/2_H10_3_8.png,output,2_H10_3_8_uninfected
,images/protein/2_H10_3_9.png,images/er/2_H10_3_9.png,images/nucleus/2_H10_3_9.png,output,2_H10_3_9_uninfected
,images/protein/2_H10_4_10.png,images/er/2_H10_4_10.png,images/nucleus/2_H10_4_10.png,output,2_H10_4_10_infected
,images/protein/2_H10_4_11.png,images/er/2_H10_4_11.png,images/nucleus/2_H10_4_11.png,output,2_H10_4_11_uninfected
,images/protein/2_H10_4_12.png,images/er/2_H10_4_12.png,images/nucleus/2_H10_4_12.png,output,2_H10_4_12_infected
,images/protein/2_H10_4_13.png,images/er/2_H10_4_13.png,images/nucleus/2_H10_4_13.png,output,2_H10_4_13_infected
,images/protein/2_H10_4_14.png,images/er/2_H10_4_14.png,images/nucleus/2_H10_4_14.png,output,2_H10_4_14_uninfected
,images/protein/2_H10_4_15.png,images/er/2_H10_4_15.png,images/nucleus/2_H10_4_15.png,output,2_H10_4_15_infected
,images/protein/2_H10_4_2.png,images/er/2_H10_4_2.png,images/nucleus/2_H10_4_2.png,output,2_H10_4_2_uninfected
,images/protein/2_H10_4_3.png,images/er/2_H10_4_3.png,images/nucleus/2_H10_4_3.png,output,2_H10_4_3_uninfected
,images/protein/2_H10_4_4.png,images/er/2_H10_4_4.png,images/nucleus/2_H10_4_4.png,output,2_H10_4_4_uninfected
,images/protein/2_H10_4_5.png,images/er/2_H10_4_5.png,images/nucleus/2_H10_4_5.png,output,2_H10_4_5_infected
,images/protein/2_H10_4_6.png,images/er/2_H10_4_6.png,images/nucleus/2_H10_4_6.png,output,2_H10_4_6_uninfected
,images/protein/2_H10_4_7.png,images/er/2_H10_4_7.png,images/nucleus/2_H10_4_7.png,output,2_H10_4_7_infected
,images/protein/2_H10_4_8.png,images/er/2_H10_4_8.png,images/nucleus/2_H10_4_8.png,output,2_H10_4_8_infected
,images/protein/2_H10_4_9.png,images/er/2_H10_4_9.png,images/nucleus/2_H10_4_9.png,output,2_H10_4_9_uninfected
,images/protein/2_H10_5_1.png,images/er/2_H10_5_1.png,images/nucleus/2_H10_5_1.png,output,2_H10_5_1_uninfected
,images/protein/2_H10_5_10.png,images/er/2_H10_5_10.png,images/nucleus/2_H10_5_10.png,output,2_H10_5_10_uninfected
,images/protein/2_H10_5_11.png,images/er/2_H10_5_11.png,images/nucleus/2_H10_5_11.png,output,2_H10_5_11_uninfected
,images/protein/2_H10_5_12.png,images/er/2_H10_5_12.png,images/nucleus/2_H10_5_12.png,output,2_H10_5_12_infected
,images/protein/2_H10_5_13.png,images/er/2_H10_5_13.png,images/nucleus/2_H10_5_13.png,output,2_H10_5_13_uninfected
,images/protein/2_H10_5_14.png,images/er/2_H10_5_14.png,images/nucleus/2_H10_5_14.png,output,2_H10_5_14_infected
,images/protein/2_H10_5_15.png,images/er/2_H10_5_15.png,images/nucleus/2_H10_5_15.png,output,2_H10_5_15_uninfected
,images/protein/2_H10_5_16.png,images/er/2_H10_5_16.png,images/nucleus/2_H10_5_16.png,output,2_H10_5_16_uninfected
,images/protein/2_H10_5_17.png,images/er/2_H10_5_17.png,images/nucleus/2_H10_5_17.png,output,2_H10_5_17_infected
,images/protein/2_H10_5_18.png,images/er/2_H10_5_18.png,images/nucleus/2_H10_5_18.png,output,2_H10_5_18_infected
,images/protein/2_H10_5_19.png,images/er/2_H10_5_19.png,images/nucleus/2_H10_5_19.png,output,2_H10_5_19_uninfected
,images/protein/2_H10_5_2.png,images/er/2_H10_5_2.png,images/nucleus/2_H10_5_2.png,output,2_H10_5_2_uninfected
,images/protein/2_H10_5_20.png,images/er/2_H10_5_20.png,images/nucleus/2_H10_5_20.png,output,2_H10_5_20_infected
,images/protein/2_H10_5_21.png,images/er/2_H10_5_21.png,images/nucleus/2_H10_5_21.png,output,2_H10_5_21_infected
,images/protein/2_H10_5_22.png,images/er/2_H10_5_22.png,images/nucleus/2_H10_5_22.png,output,2_H10_5_22_uninfected
,images/protein/2_H10_5_23.png,images/er/2_H10_5_23.png,images/nucleus/2_H10_5_23.png,output,2_H10_5_23_uninfected
,images/protein/2_H10_5_24.png,images/er/2_H10_5_24.png,images/nucleus/2_H10_5_24.png,output,2_H10_5_24_infected
,images/protein/2_H10_5_25.png,images/er/2_H10_5_25.png,images/nucleus/2_H10_5_25.png,output,2_H10_5_25_infected
,images/protein/2_H10_5_26.png,images/er/2_H10_5_26.png,images/nucleus/2_H10_5_26.png,output,2_H10_5_26_infected
,images/protein/2_H10_5_27.png,images/er/2_H10_5_27.png,images/nucleus/2_H10_5_27.png,output,2_H10_5_27_uninfected
,images/protein/2_H10_5_28.png,images/er/2_H10_5_28.png,images/nucleus/2_H10_5_28.png,output,2_H10_5_28_uninfected
,images/protein/2_H10_5_29.png,images/er/2_H10_5_29.png,images/nucleus/2_H10_5_29.png,output,2_H10_5_29_infected
,images/protein/2_H10_5_3.png,images/er/2_H10_5_3.png,images/nucleus/2_H10_5_3.png,output,2_H10_5_3_uninfected
,images/protein/2_H10_5_30.png,images/er/2_H10_5_30.png,images/nucleus/2_H10_5_30.png,output,2_H10_5_30_uninfected
,images/protein/2_H10_5_31.png,images/er/2_H10_5_31.png,images/nucleus/2_H10_5_31.png,output,2_H10_5_31_uninfected
,images/protein/2_H10_5_32.png,images/er/2_H10_5_32.png,images/nucleus/2_H10_5_32.png,output,2_H10_5_32_infected
,images/protein/2_H10_5_33.png,images/er/2_H10_5_33.png,images/nucleus/2_H10_5_33.png,output,2_H10_5_33_infected
,images/protein/2_H10_5_34.png,images/er/2_H10_5_34.png,images/nucleus/2_H10_5_34.png,output,2_H10_5_34_infected
,images/protein/2_H10_5_35.png,images/er/2_H10_5_35.png,images/nucleus/2_H10_5_35.png,output,2_H10_5_35_infected
,images/protein/2_H10_5_36.png,images/er/2_H10_5_36.png,images/nucleus/2_H10_5_36.png,output,2_H10_5_36_infected
,images/protein/2_H10_5_37.png,images/er/2_H10_5_37.png,images/nucleus/2_H10_5_37.png,output,2_H10_5_37_infected
,images/protein/2_H10_5_39.png,images/er/2_H10_5_39.png,images/nucleus/2_H10_5_39.png,output,2_H10_5_39_uninfected
,images/protein/2_H10_5_4.png,images/er/2_H10_5_4.png,images/nucleus/2_H10_5_4.png,output,2_H10_5_4_uninfected
,images/protein/2_H10_5_40.png,images/er/2_H10_5_40.png,images/nucleus/2_H10_5_40.png,output,2_H10_5_40_infected
,images/protein/2_H10_5_41.png,images/er/2_H10_5_41.png,images/nucleus/2_H10_5_41.png,output,2_H10_5_41_infected
,images/protein/2_H10_5_42.png,images/er/2_H10_5_42.png,images/nucleus/2_H10_5_42.png,output,2_H10_5_42_uninfected
,images/protein/2_H10_5_43.png,images/er/2_H10_5_43.png,images/nucleus/2_H10_5_43.png,output,2_H10_5_43_uninfected
,images/protein/2_H10_5_44.png,images/er/2_H10_5_44.png,images/nucleus/2_H10_5_44.png,output,2_H10_5_44_uninfected
,images/protein/2_H10_5_45.png,images/er/2_H10_5_45.png,images/nucleus/2_H10_5_45.png,output,2_H10_5_45_infected
,images/protein/2_H10_5_46.png,images/er/2_H10_5_46.png,images/nucleus/2_H10_5_46.png,output,2_H10_5_46_uninfected
,images/protein/2_H10_5_5.png,images/er/2_H10_5_5.png,images/nucleus/2_H10_5_5.png,output,2_H10_5_5_uninfected
,images/protein/2_H10_5_6.png,images/er/2_H10_5_6.png,images/nucleus/2_H10_5_6.png,output,2_H10_5_6_infected
,images/protein/2_H10_5_7.png,images/er/2_H10_5_7.png,images/nucleus/2_H10_5_7.png,output,2_H10_5_7_uninfected
,images/protein/2_H10_5_8.png,images/er/2_H10_5_8.png,images/nucleus/2_H10_5_8.png,output,2_H10_5_8_uninfected
,images/protein/2_H10_5_9.png,images/er/2_H10_5_9.png,images/nucleus/2_H10_5_9.png,output,2_H10_5_9_uninfected
,images/protein/2_H10_6_11.png,images/er/2_H10_6_11.png,images/nucleus/2_H10_6_11.png,output,2_H10_6_11_infected
,images/protein/2_H10_6_12.png,images/er/2_H10_6_12.png,images/nucleus/2_H10_6_12.png,output,2_H10_6_12_uninfected
,images/protein/2_H10_6_13.png,images/er/2_H10_6_13.png,images/nucleus/2_H10_6_13.png,output,2_H10_6_13_uninfected
,images/protein/2_H10_6_14.png,images/er/2_H10_6_14.png,images/nucleus/2_H10_6_14.png,output,2_H10_6_14_infected
,images/protein/2_H10_6_15.png,images/er/2_H10_6_15.png,images/nucleus/2_H10_6_15.png,output,2_H10_6_15_uninfected
,images/protein/2_H10_6_2.png,images/er/2_H10_6_2.png,images/nucleus/2_H10_6_2.png,output,2_H10_6_2_uninfected
,images/protein/2_H10_6_3.png,images/er/2_H10_6_3.png,images/nucleus/2_H10_6_3.png,output,2_H10_6_3_uninfected
,images/protein/2_H10_6_4.png,images/er/2_H10_6_4.png,images/nucleus/2_H10_6_4.png,output,2_H10_6_4_infected
,images/protein/2_H10_6_6.png,images/er/2_H10_6_6.png,images/nucleus/2_H10_6_6.png,output,2_H10_6_6_uninfected
,images/protein/2_H10_6_7.png,images/er/2_H10_6_7.png,images/nucleus/2_H10_6_7.png,output,2_H10_6_7_uninfected
,images/protein/2_H10_6_8.png,images/er/2_H10_6_8.png,images/nucleus/2_H10_6_8.png,output,2_H10_6_8_uninfected
,images/protein/2_H10_6_9.png,images/er/2_H10_6_9.png,images/nucleus/2_H10_6_9.png,output,2_H10_6_9_uninfected
,images/protein/2_H10_7_1.png,images/er/2_H10_7_1.png,images/nucleus/2_H10_7_1.png,output,2_H10_7_1_uninfected
,images/protein/2_H10_7_2.png,images/er/2_H10_7_2.png,images/nucleus/2_H10_7_2.png,output,2_H10_7_2_uninfected
,images/protein/2_H10_7_3.png,images/er/2_H10_7_3.png,images/nucleus/2_H10_7_3.png,output,2_H10_7_3_uninfected
,images/protein/2_H10_8_1.png,images/er/2_H10_8_1.png,images/nucleus/2_H10_8_1.png,output,2_H10_8_1_uninfected
,images/protein/2_H10_8_10.png,images/er/2_H10_8_10.png,images/nucleus/2_H10_8_10.png,output,2_H10_8_10_uninfected
,images/protein/2_H10_8_11.png,images/er/2_H10_8_11.png,images/nucleus/2_H10_8_11.png,output,2_H10_8_11_uninfected
,images/protein/2_H10_8_12.png,images/er/2_H10_8_12.png,images/nucleus/2_H10_8_12.png,output,2_H10_8_12_uninfected
,images/protein/2_H10_8_13.png,images/er/2_H10_8_13.png,images/nucleus/2_H10_8_13.png,output,2_H10_8_13_uninfected
,images/protein/2_H10_8_14.png,images/er/2_H10_8_14.png,images/nucleus/2_H10_8_14.png,output,2_H10_8_14_uninfected
,images/protein/2_H10_8_15.png,images/er/2_H10_8_15.png,images/nucleus/2_H10_8_15.png,output,2_H10_8_15_uninfected
,images/protein/2_H10_8_16.png,images/er/2_H10_8_16.png,images/nucleus/2_H10_8_16.png,output,2_H10_8_16_uninfected
,images/protein/2_H10_8_17.png,images/er/2_H10_8_17.png,images/nucleus/2_H10_8_17.png,output,2_H10_8_17_infected
,images/protein/2_H10_8_18.png,images/er/2_H10_8_18.png,images/nucleus/2_H10_8_18.png,output,2_H10_8_18_infected
,images/protein/2_H10_8_19.png,images/er/2_H10_8_19.png,images/nucleus/2_H10_8_19.png,output,2_H10_8_19_uninfected
,images/protein/2_H10_8_2.png,images/er/2_H10_8_2.png,images/nucleus/2_H10_8_2.png,output,2_H10_8_2_uninfected
,images/protein/2_H10_8_20.png,images/er/2_H10_8_20.png,images/nucleus/2_H10_8_20.png,output,2_H10_8_20_infected
,images/protein/2_H10_8_21.png,images/er/2_H10_8_21.png,images/nucleus/2_H10_8_21.png,output,2_H10_8_21_uninfected
,images/protein/2_H10_8_22.png,images/er/2_H10_8_22.png,images/nucleus/2_H10_8_22.png,output,2_H10_8_22_infected
,images/protein/2_H10_8_23.png,images/er/2_H10_8_23.png,images/nucleus/2_H10_8_23.png,output,2_H10_8_23_infected
,images/protein/2_H10_8_24.png,images/er/2_H10_8_24.png,images/nucleus/2_H10_8_24.png,output,2_H10_8_24_infected
,images/protein/2_H10_8_3.png,images/er/2_H10_8_3.png,images/nucleus/2_H10_8_3.png,output,2_H10_8_3_uninfected
,images/protein/2_H10_8_4.png,images/er/2_H10_8_4.png,images/nucleus/2_H10_8_4.png,output,2_H10_8_4_uninfected
,images/protein/2_H10_8_5.png,images/er/2_H10_8_5.png,images/nucleus/2_H10_8_5.png,output,2_H10_8_5_uninfected
,images/protein/2_H10_8_6.png,images/er/2_H10_8_6.png,images/nucleus/2_H10_8_6.png,output,2_H10_8_6_uninfected
,images/protein/2_H10_8_7.png,images/er/2_H10_8_7.png,images/nucleus/2_H10_8_7.png,output,2_H10_8_7_uninfected
,images/protein/2_H10_8_8.png,images/er/2_H10_8_8.png,images/nucleus/2_H10_8_8.png,output,2_H10_8_8_uninfected
,images/protein/2_H10_8_9.png,images/er/2_H10_8_9.png,images/nucleus/2_H10_8_9.png,output,2_H10_8_9_uninfected
,images/protein/2_H10_9_10.png,images/er/2_H10_9_10.png,images/nucleus/2_H10_9_10.png,output,2_H10_9_10_uninfected
,images/protein/2_H10_9_11.png,images/er/2_H10_9_11.png,images/nucleus/2_H10_9_11.png,output,2_H10_9_11_uninfected
,images/protein/2_H10_9_12.png,images/er/2_H10_9_12.png,images/nucleus/2_H10_9_12.png,output,2_H10_9_12_uninfected
,images/protein/2_H10_9_2.png,images/er/2_H10_9_2.png,images/nucleus/2_H10_9_2.png,output,2_H10_9_2_uninfected
,images/protein/2_H10_9_3.png,images/er/2_H10_9_3.png,images/nucleus/2_H10_9_3.png,output,2_H10_9_3_uninfected
,images/protein/2_H10_9_4.png,images/er/2_H10_9_4.png,images/nucleus/2_H10_9_4.png,output,2_H10_9_4_uninfected
,images/protein/2_H10_9_5.png,images/er/2_H10_9_5.png,images/nucleus/2_H10_9_5.png,output,2_H10_9_5_uninfected
,images/protein/2_H10_9_6.png,images/er/2_H10_9_6.png,images/nucleus/2_H10_9_6.png,output,2_H10_9_6_infected
,images/protein/2_H10_9_7.png,images/er/2_H10_9_7.png,images/nucleus/2_H10_9_7.png,output,2_H10_9_7_uninfected
,images/protein/2_H10_9_8.png,images/er/2_H10_9_8.png,images/nucleus/2_H10_9_8.png,output,2_H10_9_8_uninfected
,images/protein/2_H10_9_9.png,images/er/2_H10_9_9.png,images/nucleus/2_H10_9_9.png,output,2_H10_9_9_uninfected
,images/protein/4_G11_1_1.png,images/er/4_G11_1_1.png,images/nucleus/4_G11_1_1.png,output,4_G11_1_1_infected
,images/protein/4_G11_1_10.png,images/er/4_G11_1_10.png,images/nucleus/4_G11_1_10.png,output,4_G11_1_10_uninfected
,images/protein/4_G11_1_11.png,images/er/4_G11_1_11.png,images/nucleus/4_G11_1_11.png,output,4_G11_1_11_infected
,images/protein/4_G11_1_12.png,images/er/4_G11_1_12.png,images/nucleus/4_G11_1_12.png,output,4_G11_1_12_infected
,images/protein/4_G11_1_13.png,images/er/4_G11_1_13.png,images/nucleus/4_G11_1_13.png,output,4_G11_1_13_uninfected
,images/protein/4_G11_1_14.png,images/er/4_G11_1_14.png,images/nucleus/4_G11_1_14.png,output,4_G11_1_14_infected
,images/protein/4_G11_1_15.png,images/er/4_G11_1_15.png,images/nucleus/4_G11_1_15.png,output,4_G11_1_15_uninfected
,images/protein/4_G11_1_16.png,images/er/4_G11_1_16.png,images/nucleus/4_G11_1_16.png,output,4_G11_1_16_infected
,images/protein/4_G11_1_17.png,images/er/4_G11_1_17.png,images/nucleus/4_G11_1_17.png,output,4_G11_1_17_infected
,images/protein/4_G11_1_18.png,images/er/4_G11_1_18.png,images/nucleus/4_G11_1_18.png,output,4_G11_1_18_infected
,images/protein/4_G11_1_19.png,images/er/4_G11_1_19.png,images/nucleus/4_G11_1_19.png,output,4_G11_1_19_infected
,images/protein/4_G11_1_2.png,images/er/4_G11_1_2.png,images/nucleus/4_G11_1_2.png,output,4_G11_1_2_infected
,images/protein/4_G11_1_20.png,images/er/4_G11_1_20.png,images/nucleus/4_G11_1_20.png,output,4_G11_1_20_infected
,images/protein/4_G11_1_21.png,images/er/4_G11_1_21.png,images/nucleus/4_G11_1_21.png,output,4_G11_1_21_infected
,images/protein/4_G11_1_22.png,images/er/4_G11_1_22.png,images/nucleus/4_G11_1_22.png,output,4_G11_1_22_infected
,images/protein/4_G11_1_23.png,images/er/4_G11_1_23.png,images/nucleus/4_G11_1_23.png,output,4_G11_1_23_infected
,images/protein/4_G11_1_24.png,images/er/4_G11_1_24.png,images/nucleus/4_G11_1_24.png,output,4_G11_1_24_infected
,images/protein/4_G11_1_25.png,images/er/4_G11_1_25.png,images/nucleus/4_G11_1_25.png,output,4_G11_1_25_uninfected
,images/protein/4_G11_1_26.png,images/er/4_G11_1_26.png,images/nucleus/4_G11_1_26.png,output,4_G11_1_26_infected
,images/protein/4_G11_1_27.png,images/er/4_G11_1_27.png,images/nucleus/4_G11_1_27.png,output,4_G11_1_27_infected
,images/protein/4_G11_1_28.png,images/er/4_G11_1_28.png,images/nucleus/4_G11_1_28.png,output,4_G11_1_28_uninfected
,images/protein/4_G11_1_3.png,images/er/4_G11_1_3.png,images/nucleus/4_G11_1_3.png,output,4_G11_1_3_infected
,images/protein/4_G11_1_4.png,images/er/4_G11_1_4.png,images/nucleus/4_G11_1_4.png,output,4_G11_1_4_uninfected
,images/protein/4_G11_1_5.png,images/er/4_G11_1_5.png,images/nucleus/4_G11_1_5.png,output,4_G11_1_5_uninfected
,images/protein/4_G11_1_7.png,images/er/4_G11_1_7.png,images/nucleus/4_G11_1_7.png,output,4_G11_1_7_infected
,images/protein/4_G11_1_8.png,images/er/4_G11_1_8.png,images/nucleus/4_G11_1_8.png,output,4_G11_1_8_uninfected
,images/protein/4_G11_1_9.png,images/er/4_G11_1_9.png,images/nucleus/4_G11_1_9.png,output,4_G11_1_9_infected
,images/protein/4_G11_2_1.png,images/er/4_G11_2_1.png,images/nucleus/4_G11_2_1.png,output,4_G11_2_1_uninfected
,images/protein/4_G11_2_3.png,images/er/4_G11_2_3.png,images/nucleus/4_G11_2_3.png,output,4_G11_2_3_infected
,images/protein/4_G11_3_10.png,images/er/4_G11_3_10.png,images/nucleus/4_G11_3_10.png,output,4_G11_3_10_uninfected
,images/protein/4_G11_3_11.png,images/er/4_G11_3_11.png,images/nucleus/4_G11_3_11.png,output,4_G11_3_11_uninfected
,images/protein/4_G11_3_12.png,images/er/4_G11_3_12.png,images/nucleus/4_G11_3_12.png,output,4_G11_3_12_uninfected
,images/protein/4_G11_3_13.png,images/er/4_G11_3_13.png,images/nucleus/4_G11_3_13.png,output,4_G11_3_13_uninfected
,images/protein/4_G11_3_4.png,images/er/4_G11_3_4.png,images/nucleus/4_G11_3_4.png,output,4_G11_3_4_uninfected
,images/protein/4_G11_3_5.png,images/er/4_G11_3_5.png,images/nucleus/4_G11_3_5.png,output,4_G11_3_5_uninfected
,images/protein/4_G11_3_6.png,images/er/4_G11_3_6.png,images/nucleus/4_G11_3_6.png,output,4_G11_3_6_uninfected
,images/protein/4_G11_3_7.png,images/er/4_G11_3_7.png,images/nucleus/4_G11_3_7.png,output,4_G11_3_7_uninfected
,images/protein/4_G11_3_8.png,images/er/4_G11_3_8.png,images/nucleus/4_G11_3_8.png,output,4_G11_3_8_uninfected
,images/protein/4_G11_3_9.png,images/er/4_G11_3_9.png,images/nucleus/4_G11_3_9.png,output,4_G11_3_9_infected
,images/protein/4_G11_4_10.png,images/er/4_G11_4_10.png,images/nucleus/4_G11_4_10.png,output,4_G11_4_10_infected
,images/protein/4_G11_4_11.png,images/er/4_G11_4_11.png,images/nucleus/4_G11_4_11.png,output,4_G11_4_11_uninfected
,images/protein/4_G11_4_12.png,images/er/4_G11_4_12.png,images/nucleus/4_G11_4_12.png,output,4_G11_4_12_uninfected
,images/protein/4_G11_4_3.png,images/er/4_G11_4_3.png,images/nucleus/4_G11_4_3.png,output,4_G11_4_3_infected
,images/protein/4_G11_4_4.png,images/er/4_G11_4_4.png,images/nucleus/4_G11_4_4.png,output,4_G11_4_4_infected
,images/protein/4_G11_4_5.png,images/er/4_G11_4_5.png,images/nucleus/4_G11_4_5.png,output,4_G11_4_5_uninfected
,images/protein/4_G11_4_6.png,images/er/4_G11_4_6.png,images/nucleus/4_G11_4_6.png,output,4_G11_4_6_infected
,images/protein/4_G11_4_7.png,images/er/4_G11_4_7.png,images/nucleus/4_G11_4_7.png,output,4_G11_4_7_uninfected
,images/protein/4_G11_4_8.png,images/er/4_G11_4_8.png,images/nucleus/4_G11_4_8.png,output,4_G11_4_8_uninfected
,images/protein/4_G11_4_9.png,images/er/4_G11_4_9.png,images/nucleus/4_G11_4_9.png,output,4_G11_4_9_uninfected
,images/protein/4_G11_5_1.png,images/er/4_G11_5_1.png,images/nucleus/4_G11_5_1.png,output,4_G11_5_1_infected
,images/protein/4_G11_5_11.png,images/er/4_G11_5_11.png,images/nucleus/4_G11_5_11.png,output,4_G11_5_11_infected
,images/protein/4_G11_5_12.png,images/er/4_G11_5_12.png,images/nucleus/4_G11_5_12.png,output,4_G11_5_12_infected
,images/protein/4_G11_5_13.png,images/er/4_G11_5_13.png,images/nucleus/4_G11_5_13.png,output,4_G11_5_13_infected
,images/protein/4_G11_5_14.png,images/er/4_G11_5_14.png,images/nucleus/4_G11_5_14.png,output,4_G11_5_14_uninfected
,images/protein/4_G11_5_15.png,images/er/4_G11_5_15.png,images/nucleus/4_G11_5_15.png,output,4_G11_5_15_infected
,images/protein/4_G11_5_16.png,images/er/4_G11_5_16.png,images/nucleus/4_G11_5_16.png,output,4_G11_5_16_uninfected
,images/protein/4_G11_5_17.png,images/er/4_G11_5_17.png,images/nucleus/4_G11_5_17.png,output,4_G11_5_17_infected
,images/protein/4_G11_5_18.png,images/er/4_G11_5_18.png,images/nucleus/4_G11_5_18.png,output,4_G11_5_18_uninfected
,images/protein/4_G11_5_2.png,images/er/4_G11_5_2.png,images/nucleus/4_G11_5_2.png,output,4_G11_5_2_infected
,images/protein/4_G11_5_20.png,images/er/4_G11_5_20.png,images/nucleus/4_G11_5_20.png,output,4_G11_5_20_uninfected
,images/protein/4_G11_5_21.png,images/er/4_G11_5_21.png,images/nucleus/4_G11_5_21.png,output,4_G11_5_21_infected
,images/protein/4_G11_5_22.png,images/er/4_G11_5_22.png,images/nucleus/4_G11_5_22.png,output,4_G11_5_22_uninfected
,images/protein/4_G11_5_23.png,images/er/4_G11_5_23.png,images/nucleus/4_G11_5_23.png,output,4_G11_5_23_uninfected
,images/protein/4_G11_5_24.png,images/er/4_G11_5_24.png,images/nucleus/4_G11_5_24.png,output,4_G11_5_24_uninfected
,images/protein/4_G11_5_25.png,images/er/4_G11_5_25.png,images/nucleus/4_G11_5_25.png,output,4_G11_5_25_uninfected
,images/protein/4_G11_5_26.png,images/er/4_G11_5_26.png,images/nucleus/4_G11_5_26.png,output,4_G11_5_26_uninfected
,images/protein/4_G11_5_27.png,images/er/4_G11_5_27.png,images/nucleus/4_G11_5_27.png,output,4_G11_5_27_infected
,images/protein/4_G11_5_28.png,images/er/4_G11_5_28.png,images/nucleus/4_G11_5_28.png,output,4_G11_5_28_uninfected
,images/protein/4_G11_5_29.png,images/er/4_G11_5_29.png,images/nucleus/4_G11_5_29.png,output,4_G11_5_29_uninfected
,images/protein/4_G11_5_3.png,images/er/4_G11_5_3.png,images/nucleus/4_G11_5_3.png,output,4_G11_5_3_infected
,images/protein/4_G11_5_30.png,images/er/4_G11_5_30.png,images/nucleus/4_G11_5_30.png,output,4_G11_5_30_infected
,images/protein/4_G11_5_31.png,images/er/4_G11_5_31.png,images/nucleus/4_G11_5_31.png,output,4_G11_5_31_uninfected
,images/protein/4_G11_5_32.png,images/er/4_G11_5_32.png,images/nucleus/4_G11_5_32.png,output,4_G11_5_32_infected
,images/protein/4_G11_5_33.png,images/er/4_G11_5_33.png,images/nucleus/4_G11_5_33.png,output,4_G11_5_33_infected
,images/protein/4_G11_5_5.png,images/er/4_G11_5_5.png,images/nucleus/4_G11_5_5.png,output,4_G11_5_5_uninfected
,images/protein/4_G11_5_6.png,images/er/4_G11_5_6.png,images/nucleus/4_G11_5_6.png,output,4_G11_5_6_uninfected
,images/protein/4_G11_5_7.png,images/er/4_G11_5_7.png,images/nucleus/4_G11_5_7.png,output,4_G11_5_7_infected
,images/protein/4_G11_5_8.png,images/er/4_G11_5_8.png,images/nucleus/4_G11_5_8.png,output,4_G11_5_8_infected
,images/protein/4_G11_5_9.png,images/er/4_G11_5_9.png,images/nucleus/4_G11_5_9.png,output,4_G11_5_9_uninfected
,images/protein/4_G11_6_1.png,images/er/4_G11_6_1.png,images/nucleus/4_G11_6_1.png,output,4_G11_6_1_uninfected
,images/protein/4_G11_6_10.png,images/er/4_G11_6_10.png,images/nucleus/4_G11_6_10.png,output,4_G11_6_10_uninfected
,images/protein/4_G11_6_11.png,images/er/4_G11_6_11.png,images/nucleus/4_G11_6_11.png,output,4_G11_6_11_infected
,images/protein/4_G11_6_12.png,images/er/4_G11_6_12.png,images/nucleus/4_G11_6_12.png,output,4_G11_6_12_uninfected
,images/protein/4_G11_6_13.png,images/er/4_G11_6_13.png,images/nucleus/4_G11_6_13.png,output,4_G11_6_13_uninfected
,images/protein/4_G11_6_14.png,images/er/4_G11_6_14.png,images/nucleus/4_G11_6_14.png,output,4_G11_6_14_uninfected
,images/protein/4_G11_6_15.png,images/er/4_G11_6_15.png,images/nucleus/4_G11_6_15.png,output,4_G11_6_15_uninfected
,images/protein/4_G11_6_3.png,images/er/4_G11_6_3.png,images/nucleus/4_G11_6_3.png,output,4_G11_6_3_uninfected
,images/protein/4_G11_6_4.png,images/er/4_G11_6_4.png,images/nucleus/4_G11_6_4.png,output,4_G11_6_4_uninfected
,images/protein/4_G11_6_6.png,images/er/4_G11_6_6.png,images/nucleus/4_G11_6_6.png,output,4_G11_6_6_uninfected
,images/protein/4_G11_6_7.png,images/er/4_G11_6_7.png,images/nucleus/4_G11_6_7.png,output,4_G11_6_7_uninfected
,images/protein/4_G11_6_8.png,images/er/4_G11_6_8.png,images/nucleus/4_G11_6_8.png,output,4_G11_6_8_uninfected
,images/protein/4_G11_6_9.png,images/er/4_G11_6_9.png,images/nucleus/4_G11_6_9.png,output,4_G11_6_9_uninfected
,images/protein/4_G11_7_1.png,images/er/4_G11_7_1.png,images/nucleus/4_G11_7_1.png,output,4_G11_7_1_infected
,images/protein/4_G11_7_10.png,images/er/4_G11_7_10.png,images/nucleus/4_G11_7_10.png,output,4_G11_7_10_infected
,images/protein/4_G11_7_11.png,images/er/4_G11_7_11.png,images/nucleus/4_G11_7_11.png,output,4_G11_7_11_uninfected
,images/protein/4_G11_7_12.png,images/er/4_G11_7_12.png,images/nucleus/4_G11_7_12.png,output,4_G11_7_12_infected
,images/protein/4_G11_7_13.png,images/er/4_G11_7_13.png,images/nucleus/4_G11_7_13.png,output,4_G11_7_13_infected
,images/protein/4_G11_7_14.png,images/er/4_G11_7_14.png,images/nucleus/4_G11_7_14.png,output,4_G11_7_14_uninfected
,images/protein/4_G11_7_2.png,images/er/4_G11_7_2.png,images/nucleus/4_G11_7_2.png,output,4_G11_7_2_infected
,images/protein/4_G11_7_4.png,images/er/4_G11_7_4.png,images/nucleus/4_G11_7_4.png,output,4_G11_7_4_infected
,images/protein/4_G11_7_5.png,images/er/4_G11_7_5.png,images/nucleus/4_G11_7_5.png,output,4_G11_7_5_infected
,images/protein/4_G11_7_6.png,images/er/4_G11_7_6.png,images/nucleus/4_G11_7_6.png,output,4_G11_7_6_infected
,images/protein/4_G11_7_7.png,images/er/4_G11_7_7.png,images/nucleus/4_G11_7_7.png,output,4_G11_7_7_infected
,images/protein/4_G11_7_8.png,images/er/4_G11_7_8.png,images/nucleus/4_G11_7_8.png,output,4_G11_7_8_infected
,images/protein/4_G11_7_9.png,images/er/4_G11_7_9.png,images/nucleus/4_G11_7_9.png,output,4_G11_7_9_uninfected
,images/protein/4_G11_8_1.png,images/er/4_G11_8_1.png,images/nucleus/4_G11_8_1.png,output,4_G11_8_1_infected
,images/protein/4_G11_8_3.png,images/er/4_G11_8_3.png,images/nucleus/4_G11_8_3.png,output,4_G11_8_3_infected
,images/protein/4_G11_8_4.png,images/er/4_G11_8_4.png,images/nucleus/4_G11_8_4.png,output,4_G11_8_4_uninfected
,images/protein/4_G11_8_5.png,images/er/4_G11_8_5.png,images/nucleus/4_G11_8_5.png,output,4_G11_8_5_infected
,images/protein/4_G11_8_6.png,images/er/4_G11_8_6.png,images/nucleus/4_G11_8_6.png,output,4_G11_8_6_uninfected
,images/protein/4_G11_8_7.png,images/er/4_G11_8_7.png,images/nucleus/4_G11_8_7.png,output,4_G11_8_7_infected
,images/protein/6_F5_1_1.png,images/er/6_F5_1_1.png,images/nucleus/6_F5_1_1.png,output,6_F5_1_1_infected
,images/protein/6_F5_1_10.png,images/er/6_F5_1_10.png,images/nucleus/6_F5_1_10.png,output,6_F5_1_10_infected
,images/protein/6_F5_1_11.png,images/er/6_F5_1_11.png,images/nucleus/6_F5_1_11.png,output,6_F5_1_11_uninfected
,images/protein/6_F5_1_12.png,images/er/6_F5_1_12.png,images/nucleus/6_F5_1_12.png,output,6_F5_1_12_infected
,images/protein/6_F5_1_13.png,images/er/6_F5_1_13.png,images/nucleus/6_F5_1_13.png,output,6_F5_1_13_uninfected
,images/protein/6_F5_1_14.png,images/er/6_F5_1_14.png,images/nucleus/6_F5_1_14.png,output,6_F5_1_14_infected
,images/protein/6_F5_1_15.png,images/er/6_F5_1_15.png,images/nucleus/6_F5_1_15.png,output,6_F5_1_15_infected
,images/protein/6_F5_1_16.png,images/er/6_F5_1_16.png,images/nucleus/6_F5_1_16.png,output,6_F5_1_16_infected
,images/protein/6_F5_1_17.png,images/er/6_F5_1_17.png,images/nucleus/6_F5_1_17.png,output,6_F5_1_17_infected
,images/protein/6_F5_1_18.png,images/er/6_F5_1_18.png,images/nucleus/6_F5_1_18.png,output,6_F5_1_18_uninfected
,images/protein/6_F5_1_19.png,images/er/6_F5_1_19.png,images/nucleus/6_F5_1_19.png,output,6_F5_1_19_infected
,images/protein/6_F5_1_2.png,images/er/6_F5_1_2.png,images/nucleus/6_F5_1_2.png,output,6_F5_1_2_infected
,images/protein/6_F5_1_20.png,images/er/6_F5_1_20.png,images/nucleus/6_F5_1_20.png,output,6_F5_1_20_infected
,images/protein/6_F5_1_21.png,images/er/6_F5_1_21.png,images/nucleus/6_F5_1_21.png,output,6_F5_1_21_uninfected
,images/protein/6_F5_1_22.png,images/er/6_F5_1_22.png,images/nucleus/6_F5_1_22.png,output,6_F5_1_22_infected
,images/protein/6_F5_1_23.png,images/er/6_F5_1_23.png,images/nucleus/6_F5_1_23.png,output,6_F5_1_23_infected
,images/protein/6_F5_1_24.png,images/er/6_F5_1_24.png,images/nucleus/6_F5_1_24.png,output,6_F5_1_24_infected
,images/protein/6_F5_1_25.png,images/er/6_F5_1_25.png,images/nucleus/6_F5_1_25.png,output,6_F5_1_25_uninfected
,images/protein/6_F5_1_26.png,images/er/6_F5_1_26.png,images/nucleus/6_F5_1_26.png,output,6_F5_1_26_infected
,images/protein/6_F5_1_27.png,images/er/6_F5_1_27.png,images/nucleus/6_F5_1_27.png,output,6_F5_1_27_uninfected
,images/protein/6_F5_1_28.png,images/er/6_F5_1_28.png,images/nucleus/6_F5_1_28.png,output,6_F5_1_28_uninfected
,images/protein/6_F5_1_29.png,images/er/6_F5_1_29.png,images/nucleus/6_F5_1_29.png,output,6_F5_1_29_uninfected
,images/protein/6_F5_1_3.png,images/er/6_F5_1_3.png,images/nucleus/6_F5_1_3.png,output,6_F5_1_3_uninfected
,images/protein/6_F5_1_31.png,images/er/6_F5_1_31.png,images/nucleus/6_F5_1_31.png,output,6_F5_1_31_uninfected
,images/protein/6_F5_1_32.png,images/er/6_F5_1_32.png,images/nucleus/6_F5_1_32.png,output,6_F5_1_32_infected
,images/protein/6_F5_1_33.png,images/er/6_F5_1_33.png,images/nucleus/6_F5_1_33.png,output,6_F5_1_33_uninfected
,images/protein/6_F5_1_34.png,images/er/6_F5_1_34.png,images/nucleus/6_F5_1_34.png,output,6_F5_1_34_infected
,images/protein/6_F5_1_35.png,images/er/6_F5_1_35.png,images/nucleus/6_F5_1_35.png,output,6_F5_1_35_uninfected
,images/protein/6_F5_1_36.png,images/er/6_F5_1_36.png,images/nucleus/6_F5_1_36.png,output,6_F5_1_36_uninfected
,images/protein/6_F5_1_37.png,images/er/6_F5_1_37.png,images/nucleus/6_F5_1_37.png,output,6_F5_1_37_uninfected
,images/protein/6_F5_1_38.png,images/er/6_F5_1_38.png,images/nucleus/6_F5_1_38.png,output,6_F5_1_38_infected
,images/protein/6_F5_1_39.png,images/er/6_F5_1_39.png,images/nucleus/6_F5_1_39.png,output,6_F5_1_39_uninfected
,images/protein/6_F5_1_4.png,images/er/6_F5_1_4.png,images/nucleus/6_F5_1_4.png,output,6_F5_1_4_uninfected
,images/protein/6_F5_1_40.png,images/er/6_F5_1_40.png,images/nucleus/6_F5_1_40.png,output,6_F5_1_40_uninfected
,images/protein/6_F5_1_41.png,images/er/6_F5_1_41.png,images/nucleus/6_F5_1_41.png,output,6_F5_1_41_uninfected
,images/protein/6_F5_1_42.png,images/er/6_F5_1_42.png,images/nucleus/6_F5_1_42.png,output,6_F5_1_42_infected
,images/protein/6_F5_1_43.png,images/er/6_F5_1_43.png,images/nucleus/6_F5_1_43.png,output,6_F5_1_43_uninfected
,images/protein/6_F5_1_44.png,images/er/6_F5_1_44.png,images/nucleus/6_F5_1_44.png,output,6_F5_1_44_infected
,images/protein/6_F5_1_5.png,images/er/6_F5_1_5.png,images/nucleus/6_F5_1_5.png,output,6_F5_1_5_infected
,images/protein/6_F5_1_6.png,images/er/6_F5_1_6.png,images/nucleus/6_F5_1_6.png,output,6_F5_1_6_infected
,images/protein/6_F5_1_7.png,images/er/6_F5_1_7.png,images/nucleus/6_F5_1_7.png,output,6_F5_1_7_uninfected
,images/protein/6_F5_1_8.png,images/er/6_F5_1_8.png,images/nucleus/6_F5_1_8.png,output,6_F5_1_8_infected
,images/protein/6_F5_1_9.png,images/er/6_F5_1_9.png,images/nucleus/6_F5_1_9.png,output,6_F5_1_9_infected
,images/protein/6_F5_2_1.png,images/er/6_F5_2_1.png,images/nucleus/6_F5_2_1.png,output,6_F5_2_1_uninfected
,images/protein/6_F5_2_10.png,images/er/6_F5_2_10.png,images/nucleus/6_F5_2_10.png,output,6_F5_2_10_infected
,images/protein/6_F5_2_11.png,images/er/6_F5_2_11.png,images/nucleus/6_F5_2_11.png,output,6_F5_2_11_infected
,images/protein/6_F5_2_12.png,images/er/6_F5_2_12.png,images/nucleus/6_F5_2_12.png,output,6_F5_2_12_infected
,images/protein/6_F5_2_13.png,images/er/6_F5_2_13.png,images/nucleus/6_F5_2_13.png,output,6_F5_2_13_infected
,images/protein/6_F5_2_14.png,images/er/6_F5_2_14.png,images/nucleus/6_F5_2_14.png,output,6_F5_2_14_infected
,images/protein/6_F5_2_15.png,images/er/6_F5_2_15.png,images/nucleus/6_F5_2_15.png,output,6_F5_2_15_infected
,images/protein/6_F5_2_16.png,images/er/6_F5_2_16.png,images/nucleus/6_F5_2_16.png,output,6_F5_2_16_infected
,images/protein/6_F5_2_17.png,images/er/6_F5_2_17.png,images/nucleus/6_F5_2_17.png,output,6_F5_2_17_uninfected
,images/protein/6_F5_2_18.png,images/er/6_F5_2_18.png,images/nucleus/6_F5_2_18.png,output,6_F5_2_18_infected
,images/protein/6_F5_2_19.png,images/er/6_F5_2_19.png,images/nucleus/6_F5_2_19.png,output,6_F5_2_19_infected
,images/protein/6_F5_2_2.png,images/er/6_F5_2_2.png,images/nucleus/6_F5_2_2.png,output,6_F5_2_2_infected
,images/protein/6_F5_2_20.png,images/er/6_F5_2_20.png,images/nucleus/6_F5_2_20.png,output,6_F5_2_20_infected
,images/protein/6_F5_2_21.png,images/er/6_F5_2_21.png,images/nucleus/6_F5_2_21.png,output,6_F5_2_21_infected
,images/protein/6_F5_2_22.png,images/er/6_F5_2_22.png,images/nucleus/6_F5_2_22.png,output,6_F5_2_22_infected
,images/protein/6_F5_2_23.png,images/er/6_F5_2_23.png,images/nucleus/6_F5_2_23.png,output,6_F5_2_23_infected
,images/protein/6_F5_2_24.png,images/er/6_F5_2_24.png,images/nucleus/6_F5_2_24.png,output,6_F5_2_24_uninfected
,images/protein/6_F5_2_25.png,images/er/6_F5_2_25.png,images/nucleus/6_F5_2_25.png,output,6_F5_2_25_infected
,images/protein/6_F5_2_26.png,images/er/6_F5_2_26.png,images/nucleus/6_F5_2_26.png,output,6_F5_2_26_infected
,images/protein/6_F5_2_27.png,images/er/6_F5_2_27.png,images/nucleus/6_F5_2_27.png,output,6_F5_2_27_infected
,images/protein/6_F5_2_28.png,images/er/6_F5_2_28.png,images/nucleus/6_F5_2_28.png,output,6_F5_2_28_infected
,images/protein/6_F5_2_3.png,images/er/6_F5_2_3.png,images/nucleus/6_F5_2_3.png,output,6_F5_2_3_infected
,images/protein/6_F5_2_5.png,images/er/6_F5_2_5.png,images/nucleus/6_F5_2_5.png,output,6_F5_2_5_infected
,images/protein/6_F5_2_6.png,images/er/6_F5_2_6.png,images/nucleus/6_F5_2_6.png,output,6_F5_2_6_infected
,images/protein/6_F5_2_7.png,images/er/6_F5_2_7.png,images/nucleus/6_F5_2_7.png,output,6_F5_2_7_uninfected
,images/protein/6_F5_2_8.png,images/er/6_F5_2_8.png,images/nucleus/6_F5_2_8.png,output,6_F5_2_8_infected
,images/protein/6_F5_2_9.png,images/er/6_F5_2_9.png,images/nucleus/6_F5_2_9.png,output,6_F5_2_9_infected
,images/protein/6_F5_3_1.png,images/er/6_F5_3_1.png,images/nucleus/6_F5_3_1.png,output,6_F5_3_1_infected
,images/protein/6_F5_3_10.png,images/er/6_F5_3_10.png,images/nucleus/6_F5_3_10.png,output,6_F5_3_10_infected
,images/protein/6_F5_3_11.png,images/er/6_F5_3_11.png,images/nucleus/6_F5_3_11.png,output,6_F5_3_11_uninfected
,images/protein/6_F5_3_12.png,images/er/6_F5_3_12.png,images/nucleus/6_F5_3_12.png,output,6_F5_3_12_infected
,images/protein/6_F5_3_13.png,images/er/6_F5_3_13.png,images/nucleus/6_F5_3_13.png,output,6_F5_3_13_uninfected
,images/protein/6_F5_3_14.png,images/er/6_F5_3_14.png,images/nucleus/6_F5_3_14.png,output,6_F5_3_14_uninfected
,images/protein/6_F5_3_15.png,images/er/6_F5_3_15.png,images/nucleus/6_F5_3_15.png,output,6_F5_3_15_uninfected
,images/protein/6_F5_3_2.png,images/er/6_F5_3_2.png,images/nucleus/6_F5_3_2.png,output,6_F5_3_2_infected
,images/protein/6_F5_3_4.png,images/er/6_F5_3_4.png,images/nucleus/6_F5_3_4.png,output,6_F5_3_4_infected
,images/protein/6_F5_3_6.png,images/er/6_F5_3_6.png,images/nucleus/6_F5_3_6.png,output,6_F5_3_6_infected
,images/protein/6_F5_3_7.png,images/er/6_F5_3_7.png,images/nucleus/6_F5_3_7.png,output,6_F5_3_7_infected
,images/protein/6_F5_3_8.png,images/er/6_F5_3_8.png,images/nucleus/6_F5_3_8.png,output,6_F5_3_8_uninfected
,images/protein/6_F5_4_1.png,images/er/6_F5_4_1.png,images/nucleus/6_F5_4_1.png,output,6_F5_4_1_infected
,images/protein/6_F5_4_10.png,images/er/6_F5_4_10.png,images/nucleus/6_F5_4_10.png,output,6_F5_4_10_infected
,images/protein/6_F5_4_11.png,images/er/6_F5_4_11.png,images/nucleus/6_F5_4_11.png,output,6_F5_4_11_infected
,images/protein/6_F5_4_12.png,images/er/6_F5_4_12.png,images/nucleus/6_F5_4_12.png,output,6_F5_4_12_infected
,images/protein/6_F5_4_13.png,images/er/6_F5_4_13.png,images/nucleus/6_F5_4_13.png,output,6_F5_4_13_infected
,images/protein/6_F5_4_14.png,images/er/6_F5_4_14.png,images/nucleus/6_F5_4_14.png,output,6_F5_4_14_infected
,images/protein/6_F5_4_15.png,images/er/6_F5_4_15.png,images/nucleus/6_F5_4_15.png,output,6_F5_4_15_infected
,images/protein/6_F5_4_16.png,images/er/6_F5_4_16.png,images/nucleus/6_F5_4_16.png,output,6_F5_4_16_uninfected
,images/protein/6_F5_4_17.png,images/er/6_F5_4_17.png,images/nucleus/6_F5_4_17.png,output,6_F5_4_17_infected
,images/protein/6_F5_4_18.png,images/er/6_F5_4_18.png,images/nucleus/6_F5_4_18.png,output,6_F5_4_18_uninfected
,images/protein/6_F5_4_19.png,images/er/6_F5_4_19.png,images/nucleus/6_F5_4_19.png,output,6_F5_4_19_infected
,images/protein/6_F5_4_2.png,images/er/6_F5_4_2.png,images/nucleus/6_F5_4_2.png,output,6_F5_4_2_infected
,images/protein/6_F5_4_20.png,images/er/6_F5_4_20.png,images/nucleus/6_F5_4_20.png,output,6_F5_4_20_uninfected
,images/protein/6_F5_4_21.png,images/er/6_F5_4_21.png,images/nucleus/6_F5_4_21.png,output,6_F5_4_21_infected
,images/protein/6_F5_4_22.png,images/er/6_F5_4_22.png,images/nucleus/6_F5_4_22.png,output,6_F5_4_22_uninfected
,images/protein/6_F5_4_23.png,images/er/6_F5_4_23.png,images/nucleus/6_F5_4_23.png,output,6_F5_4_23_infected
,images/protein/6_F5_4_24.png,images/er/6_F5_4_24.png,images/nucleus/6_F5_4_24.png,output,6_F5_4_24_infected
,images/protein/6_F5_4_25.png,images/er/6_F5_4_25.png,images/nucleus/6_F5_4_25.png,output,6_F5_4_25_infected
,images/protein/6_F5_4_26.png,images/er/6_F5_4_26.png,images/nucleus/6_F5_4_26.png,output,6_F5_4_26_infected
,images/protein/6_F5_4_27.png,images/er/6_F5_4_27.png,images/nucleus/6_F5_4_27.png,output,6_F5_4_27_uninfected
,images/protein/6_F5_4_28.png,images/er/6_F5_4_28.png,images/nucleus/6_F5_4_28.png,output,6_F5_4_28_infected
,images/protein/6_F5_4_29.png,images/er/6_F5_4_29.png,images/nucleus/6_F5_4_29.png,output,6_F5_4_29_infected
,images/protein/6_F5_4_3.png,images/er/6_F5_4_3.png,images/nucleus/6_F5_4_3.png,output,6_F5_4_3_infected
,images/protein/6_F5_4_30.png,images/er/6_F5_4_30.png,images/nucleus/6_F5_4_30.png,output,6_F5_4_30_infected
,images/protein/6_F5_4_31.png,images/er/6_F5_4_31.png,images/nucleus/6_F5_4_31.png,output,6_F5_4_31_infected
,images/protein/6_F5_4_32.png,images/er/6_F5_4_32.png,images/nucleus/6_F5_4_32.png,output,6_F5_4_32_infected
,images/protein/6_F5_4_33.png,images/er/6_F5_4_33.png,images/nucleus/6_F5_4_33.png,output,6_F5_4_33_uninfected
,images/protein/6_F5_4_34.png,images/er/6_F5_4_34.png,images/nucleus/6_F5_4_34.png,output,6_F5_4_34_infected
,images/protein/6_F5_4_35.png,images/er/6_F5_4_35.png,images/nucleus/6_F5_4_35.png,output,6_F5_4_35_infected
,images/protein/6_F5_4_36.png,images/er/6_F5_4_36.png,images/nucleus/6_F5_4_36.png,output,6_F5_4_36_infected
,images/protein/6_F5_4_37.png,images/er/6_F5_4_37.png,images/nucleus/6_F5_4_37.png,output,6_F5_4_37_infected
,images/protein/6_F5_4_38.png,images/er/6_F5_4_38.png,images/nucleus/6_F5_4_38.png,output,6_F5_4_38_infected
,images/protein/6_F5_4_39.png,images/er/6_F5_4_39.png,images/nucleus/6_F5_4_39.png,output,6_F5_4_39_uninfected
,images/protein/6_F5_4_4.png,images/er/6_F5_4_4.png,images/nucleus/6_F5_4_4.png,output,6_F5_4_4_infected
,images/protein/6_F5_4_5.png,images/er/6_F5_4_5.png,images/nucleus/6_F5_4_5.png,output,6_F5_4_5_infected
,images/protein/6_F5_4_6.png,images/er/6_F5_4_6.png,images/nucleus/6_F5_4_6.png,output,6_F5_4_6_infected
,images/protein/6_F5_4_7.png,images/er/6_F5_4_7.png,images/nucleus/6_F5_4_7.png,output,6_F5_4_7_infected
,images/protein/6_F5_4_8.png,images/er/6_F5_4_8.png,images/nucleus/6_F5_4_8.png,output,6_F5_4_8_infected
,images/protein/6_F5_4_9.png,images/er/6_F5_4_9.png,images/nucleus/6_F5_4_9.png,output,6_F5_4_9_uninfected
,images/protein/6_F5_5_1.png,images/er/6_F5_5_1.png,images/nucleus/6_F5_5_1.png,output,6_F5_5_1_infected
,images/protein/6_F5_5_10.png,images/er/6_F5_5_10.png,images/nucleus/6_F5_5_10.png,output,6_F5_5_10_infected
,images/protein/6_F5_5_11.png,images/er/6_F5_5_11.png,images/nucleus/6_F5_5_11.png,output,6_F5_5_11_uninfected
,images/protein/6_F5_5_12.png,images/er/6_F5_5_12.png,images/nucleus/6_F5_5_12.png,output,6_F5_5_12_infected
,images/protein/6_F5_5_13.png,images/er/6_F5_5_13.png,images/nucleus/6_F5_5_13.png,output,6_F5_5_13_infected
,images/protein/6_F5_5_14.png,images/er/6_F5_5_14.png,images/nucleus/6_F5_5_14.png,output,6_F5_5_14_infected
,images/protein/6_F5_5_15.png,images/er/6_F5_5_15.png,images/nucleus/6_F5_5_15.png,output,6_F5_5_15_infected
,images/protein/6_F5_5_16.png,images/er/6_F5_5_16.png,images/nucleus/6_F5_5_16.png,output,6_F5_5_16_infected
,images/protein/6_F5_5_17.png,images/er/6_F5_5_17.png,images/nucleus/6_F5_5_17.png,output,6_F5_5_17_infected
,images/protein/6_F5_5_18.png,images/er/6_F5_5_18.png,images/nucleus/6_F5_5_18.png,output,6_F5_5_18_infected
,images/protein/6_F5_5_19.png,images/er/6_F5_5_19.png,images/nucleus/6_F5_5_19.png,output,6_F5_5_19_infected
,images/protein/6_F5_5_2.png,images/er/6_F5_5_2.png,images/nucleus/6_F5_5_2.png,output,6_F5_5_2_infected
,images/protein/6_F5_5_20.png,images/er/6_F5_5_20.png,images/nucleus/6_F5_5_20.png,output,6_F5_5_20_uninfected
,images/protein/6_F5_5_21.png,images/er/6_F5_5_21.png,images/nucleus/6_F5_5_21.png,output,6_F5_5_21_uninfected
,images/protein/6_F5_5_22.png,images/er/6_F5_5_22.png,images/nucleus/6_F5_5_22.png,output,6_F5_5_22_uninfected
,images/protein/6_F5_5_23.png,images/er/6_F5_5_23.png,images/nucleus/6_F5_5_23.png,output,6_F5_5_23_infected
,images/protein/6_F5_5_24.png,images/er/6_F5_5_24.png,images/nucleus/6_F5_5_24.png,output,6_F5_5_24_infected
,images/protein/6_F5_5_25.png,images/er/6_F5_5_25.png,images/nucleus/6_F5_5_25.png,output,6_F5_5_25_uninfected
,images/protein/6_F5_5_26.png,images/er/6_F5_5_26.png,images/nucleus/6_F5_5_26.png,output,6_F5_5_26_infected
,images/protein/6_F5_5_27.png,images/er/6_F5_5_27.png,images/nucleus/6_F5_5_27.png,output,6_F5_5_27_uninfected
,images/protein/6_F5_5_28.png,images/er/6_F5_5_28.png,images/nucleus/6_F5_5_28.png,output,6_F5_5_28_infected
,images/protein/6_F5_5_29.png,images/er/6_F5_5_29.png,images/nucleus/6_F5_5_29.png,output,6_F5_5_29_infected
,images/protein/6_F5_5_3.png,images/er/6_F5_5_3.png,images/nucleus/6_F5_5_3.png,output,6_F5_5_3_uninfected
,images/protein/6_F5_5_30.png,images/er/6_F5_5_30.png,images/nucleus/6_F5_5_30.png,output,6_F5_5_30_infected
,images/protein/6_F5_5_31.png,images/er/6_F5_5_31.png,images/nucleus/6_F5_5_31.png,output,6_F5_5_31_infected
,images/protein/6_F5_5_32.png,images/er/6_F5_5_32.png,images/nucleus/6_F5_5_32.png,output,6_F5_5_32_infected
,images/protein/6_F5_5_33.png,images/er/6_F5_5_33.png,images/nucleus/6_F5_5_33.png,output,6_F5_5_33_infected
,images/protein/6_F5_5_34.png,images/er/6_F5_5_34.png,images/nucleus/6_F5_5_34.png,output,6_F5_5_34_uninfected
,images/protein/6_F5_5_35.png,images/er/6_F5_5_35.png,images/nucleus/6_F5_5_35.png,output,6_F5_5_35_uninfected
,images/protein/6_F5_5_36.png,images/er/6_F5_5_36.png,images/nucleus/6_F5_5_36.png,output,6_F5_5_36_infected
,images/protein/6_F5_5_37.png,images/er/6_F5_5_37.png,images/nucleus/6_F5_5_37.png,output,6_F5_5_37_uninfected
,images/protein/6_F5_5_38.png,images/er/6_F5_5_38.png,images/nucleus/6_F5_5_38.png,output,6_F5_5_38_infected
,images/protein/6_F5_5_39.png,images/er/6_F5_5_39.png,images/nucleus/6_F5_5_39.png,output,6_F5_5_39_infected
,images/protein/6_F5_5_6.png,images/er/6_F5_5_6.png,images/nucleus/6_F5_5_6.png,output,6_F5_5_6_infected
,images/protein/6_F5_5_7.png,images/er/6_F5_5_7.png,images/nucleus/6_F5_5_7.png,output,6_F5_5_7_uninfected
,images/protein/6_F5_5_8.png,images/er/6_F5_5_8.png,images/nucleus/6_F5_5_8.png,output,6_F5_5_8_infected
,images/protein/6_F5_5_9.png,images/er/6_F5_5_9.png,images/nucleus/6_F5_5_9.png,output,6_F5_5_9_infected
,images/protein/6_F5_6_1.png,images/er/6_F5_6_1.png,images/nucleus/6_F5_6_1.png,output,6_F5_6_1_uninfected
,images/protein/6_F5_6_10.png,images/er/6_F5_6_10.png,images/nucleus/6_F5_6_10.png,output,6_F5_6_10_uninfected
,images/protein/6_F5_6_11.png,images/er/6_F5_6_11.png,images/nucleus/6_F5_6_11.png,output,6_F5_6_11_uninfected
,images/protein/6_F5_6_12.png,images/er/6_F5_6_12.png,images/nucleus/6_F5_6_12.png,output,6_F5_6_12_infected
,images/protein/6_F5_6_13.png,images/er/6_F5_6_13.png,images/nucleus/6_F5_6_13.png,output,6_F5_6_13_infected
,images/protein/6_F5_6_14.png,images/er/6_F5_6_14.png,images/nucleus/6_F5_6_14.png,output,6_F5_6_14_infected
,images/protein/6_F5_6_15.png,images/er/6_F5_6_15.png,images/nucleus/6_F5_6_15.png,output,6_F5_6_15_infected
,images/protein/6_F5_6_16.png,images/er/6_F5_6_16.png,images/nucleus/6_F5_6_16.png,output,6_F5_6_16_uninfected
,images/protein/6_F5_6_17.png,images/er/6_F5_6_17.png,images/nucleus/6_F5_6_17.png,output,6_F5_6_17_infected
,images/protein/6_F5_6_18.png,images/er/6_F5_6_18.png,images/nucleus/6_F5_6_18.png,output,6_F5_6_18_infected
,images/protein/6_F5_6_19.png,images/er/6_F5_6_19.png,images/nucleus/6_F5_6_19.png,output,6_F5_6_19_infected
,images/protein/6_F5_6_2.png,images/er/6_F5_6_2.png,images/nucleus/6_F5_6_2.png,output,6_F5_6_2_infected
,images/protein/6_F5_6_20.png,images/er/6_F5_6_20.png,images/nucleus/6_F5_6_20.png,output,6_F5_6_20_infected
,images/protein/6_F5_6_21.png,images/er/6_F5_6_21.png,images/nucleus/6_F5_6_21.png,output,6_F5_6_21_infected
,images/protein/6_F5_6_22.png,images/er/6_F5_6_22.png,images/nucleus/6_F5_6_22.png,output,6_F5_6_22_infected
,images/protein/6_F5_6_24.png,images/er/6_F5_6_24.png,images/nucleus/6_F5_6_24.png,output,6_F5_6_24_uninfected
,images/protein/6_F5_6_25.png,images/er/6_F5_6_25.png,images/nucleus/6_F5_6_25.png,output,6_F5_6_25_infected
,images/protein/6_F5_6_26.png,images/er/6_F5_6_26.png,images/nucleus/6_F5_6_26.png,output,6_F5_6_26_infected
,images/protein/6_F5_6_27.png,images/er/6_F5_6_27.png,images/nucleus/6_F5_6_27.png,output,6_F5_6_27_infected
,images/protein/6_F5_6_28.png,images/er/6_F5_6_28.png,images/nucleus/6_F5_6_28.png,output,6_F5_6_28_infected
,images/protein/6_F5_6_29.png,images/er/6_F5_6_29.png,images/nucleus/6_F5_6_29.png,output,6_F5_6_29_infected
,images/protein/6_F5_6_3.png,images/er/6_F5_6_3.png,images/nucleus/6_F5_6_3.png,output,6_F5_6_3_uninfected
,images/protein/6_F5_6_30.png,images/er/6_F5_6_30.png,images/nucleus/6_F5_6_30.png,output,6_F5_6_30_infected
,images/protein/6_F5_6_31.png,images/er/6_F5_6_31.png,images/nucleus/6_F5_6_31.png,output,6_F5_6_31_infected
,images/protein/6_F5_6_32.png,images/er/6_F5_6_32.png,images/nucleus/6_F5_6_32.png,output,6_F5_6_32_infected
,images/protein/6_F5_6_33.png,images/er/6_F5_6_33.png,images/nucleus/6_F5_6_33.png,output,6_F5_6_33_infected
,images/protein/6_F5_6_34.png,images/er/6_F5_6_34.png,images/nucleus/6_F5_6_34.png,output,6_F5_6_34_infected
,images/protein/6_F5_6_35.png,images/er/6_F5_6_35.png,images/nucleus/6_F5_6_35.png,output,6_F5_6_35_uninfected
,images/protein/6_F5_6_4.png,images/er/6_F5_6_4.png,images/nucleus/6_F5_6_4.png,output,6_F5_6_4_infected
,images/protein/6_F5_6_5.png,images/er/6_F5_6_5.png,images/nucleus/6_F5_6_5.png,output,6_F5_6_5_uninfected
,images/protein/6_F5_6_6.png,images/er/6_F5_6_6.png,images/nucleus/6_F5_6_6.png,output,6_F5_6_6_uninfected
,images/protein/6_F5_6_7.png,images/er/6_F5_6_7.png,images/nucleus/6_F5_6_7.png,output,6_F5_6_7_uninfected
,images/protein/6_F5_6_8.png,images/er/6_F5_6_8.png,images/nucleus/6_F5_6_8.png,output,6_F5_6_8_uninfected
,images/protein/6_F5_6_9.png,images/er/6_F5_6_9.png,images/nucleus/6_F5_6_9.png,output,6_F5_6_9_infected
,images/protein/6_F5_7_1.png,images/er/6_F5_7_1.png,images/nucleus/6_F5_7_1.png,output,6_F5_7_1_infected
,images/protein/6_F5_7_10.png,images/er/6_F5_7_10.png,images/nucleus/6_F5_7_10.png,output,6_F5_7_10_infected
,images/protein/6_F5_7_11.png,images/er/6_F5_7_11.png,images/nucleus/6_F5_7_11.png,output,6_F5_7_11_infected
,images/protein/6_F5_7_12.png,images/er/6_F5_7_12.png,images/nucleus/6_F5_7_12.png,output,6_F5_7_12_infected
,images/protein/6_F5_7_3.png,images/er/6_F5_7_3.png,images/nucleus/6_F5_7_3.png,output,6_F5_7_3_infected
,images/protein/6_F5_7_4.png,images/er/6_F5_7_4.png,images/nucleus/6_F5_7_4.png,output,6_F5_7_4_uninfected
,images/protein/6_F5_7_5.png,images/er/6_F5_7_5.png,images/nucleus/6_F5_7_5.png,output,6_F5_7_5_infected
,images/protein/6_F5_7_6.png,images/er/6_F5_7_6.png,images/nucleus/6_F5_7_6.png,output,6_F5_7_6_uninfected
,images/protein/6_F5_7_7.png,images/er/6_F5_7_7.png,images/nucleus/6_F5_7_7.png,output,6_F5_7_7_uninfected
,images/protein/6_F5_7_8.png,images/er/6_F5_7_8.png,images/nucleus/6_F5_7_8.png,output,6_F5_7_8_uninfected
,images/protein/6_F5_7_9.png,images/er/6_F5_7_9.png,images/nucleus/6_F5_7_9.png,output,6_F5_7_9_infected
,images/protein/6_F5_8_1.png,images/er/6_F5_8_1.png,images/nucleus/6_F5_8_1.png,output,6_F5_8_1_uninfected
,images/protein/6_F5_8_10.png,images/er/6_F5_8_10.png,images/nucleus/6_F5_8_10.png,output,6_F5_8_10_infected
,images/protein/6_F5_8_11.png,images/er/6_F5_8_11.png,images/nucleus/6_F5_8_11.png,output,6_F5_8_11_infected
,images/protein/6_F5_8_12.png,images/er/6_F5_8_12.png,images/nucleus/6_F5_8_12.png,output,6_F5_8_12_infected
,images/protein/6_F5_8_13.png,images/er/6_F5_8_13.png,images/nucleus/6_F5_8_13.png,output,6_F5_8_13_infected
,images/protein/6_F5_8_14.png,images/er/6_F5_8_14.png,images/nucleus/6_F5_8_14.png,output,6_F5_8_14_uninfected
,images/protein/6_F5_8_15.png,images/er/6_F5_8_15.png,images/nucleus/6_F5_8_15.png,output,6_F5_8_15_infected
,images/protein/6_F5_8_16.png,images/er/6_F5_8_16.png,images/nucleus/6_F5_8_16.png,output,6_F5_8_16_uninfected
,images/protein/6_F5_8_17.png,images/er/6_F5_8_17.png,images/nucleus/6_F5_8_17.png,output,6_F5_8_17_infected
,images/protein/6_F5_8_18.png,images/er/6_F5_8_18.png,images/nucleus/6_F5_8_18.png,output,6_F5_8_18_uninfected
,images/protein/6_F5_8_2.png,images/er/6_F5_8_2.png,images/nucleus/6_F5_8_2.png,output,6_F5_8_2_infected
,images/protein/6_F5_8_20.png,images/er/6_F5_8_20.png,images/nucleus/6_F5_8_20.png,output,6_F5_8_20_infected
,images/protein/6_F5_8_21.png,images/er/6_F5_8_21.png,images/nucleus/6_F5_8_21.png,output,6_F5_8_21_infected
,images/protein/6_F5_8_22.png,images/er/6_F5_8_22.png,images/nucleus/6_F5_8_22.png,output,6_F5_8_22_infected
,images/protein/6_F5_8_23.png,images/er/6_F5_8_23.png,images/nucleus/6_F5_8_23.png,output,6_F5_8_23_uninfected
,images/protein/6_F5_8_24.png,images/er/6_F5_8_24.png,images/nucleus/6_F5_8_24.png,output,6_F5_8_24_infected
,images/protein/6_F5_8_25.png,images/er/6_F5_8_25.png,images/nucleus/6_F5_8_25.png,output,6_F5_8_25_uninfected
,images/protein/6_F5_8_26.png,images/er/6_F5_8_26.png,images/nucleus/6_F5_8_26.png,output,6_F5_8_26_infected
,images/protein/6_F5_8_27.png,images/er/6_F5_8_27.png,images/nucleus/6_F5_8_27.png,output,6_F5_8_27_infected
,images/protein/6_F5_8_28.png,images/er/6_F5_8_28.png,images/nucleus/6_F5_8_28.png,output,6_F5_8_28_infected
,images/protein/6_F5_8_29.png,images/er/6_F5_8_29.png,images/nucleus/6_F5_8_29.png,output,6_F5_8_29_infected
,images/protein/6_F5_8_3.png,images/er/6_F5_8_3.png,images/nucleus/6_F5_8_3.png,output,6_F5_8_3_infected
,images/protein/6_F5_8_30.png,images/er/6_F5_8_30.png,images/nucleus/6_F5_8_30.png,output,6_F5_8_30_uninfected
,images/protein/6_F5_8_31.png,images/er/6_F5_8_31.png,images/nucleus/6_F5_8_31.png,output,6_F5_8_31_infected
,images/protein/6_F5_8_32.png,images/er/6_F5_8_32.png,images/nucleus/6_F5_8_32.png,output,6_F5_8_32_infected
,images/protein/6_F5_8_33.png,images/er/6_F5_8_33.png,images/nucleus/6_F5_8_33.png,output,6_F5_8_33_uninfected
,images/protein/6_F5_8_34.png,images/er/6_F5_8_34.png,images/nucleus/6_F5_8_34.png,output,6_F5_8_34_infected
,images/protein/6_F5_8_35.png,images/er/6_F5_8_35.png,images/nucleus/6_F5_8_35.png,output,6_F5_8_35_uninfected
,images/protein/6_F5_8_36.png,images/er/6_F5_8_36.png,images/nucleus/6_F5_8_36.png,output,6_F5_8_36_uninfected
,images/protein/6_F5_8_37.png,images/er/6_F5_8_37.png,images/nucleus/6_F5_8_37.png,output,6_F5_8_37_uninfected
,images/protein/6_F5_8_38.png,images/er/6_F5_8_38.png,images/nucleus/6_F5_8_38.png,output,6_F5_8_38_infected
,images/protein/6_F5_8_39.png,images/er/6_F5_8_39.png,images/nucleus/6_F5_8_39.png,output,6_F5_8_39_infected
,images/protein/6_F5_8_4.png,images/er/6_F5_8_4.png,images/nucleus/6_F5_8_4.png,output,6_F5_8_4_infected
,images/protein/6_F5_8_40.png,images/er/6_F5_8_40.png,images/nucleus/6_F5_8_40.png,output,6_F5_8_40_infected
,images/protein/6_F5_8_41.png,images/er/6_F5_8_41.png,images/nucleus/6_F5_8_41.png,output,6_F5_8_41_infected
,images/protein/6_F5_8_5.png,images/er/6_F5_8_5.png,images/nucleus/6_F5_8_5.png,output,6_F5_8_5_infected
,images/protein/6_F5_8_6.png,images/er/6_F5_8_6.png,images/nucleus/6_F5_8_6.png,output,6_F5_8_6_infected
,images/protein/6_F5_8_7.png,images/er/6_F5_8_7.png,images/nucleus/6_F5_8_7.png,output,6_F5_8_7_infected
,images/protein/6_F5_8_8.png,images/er/6_F5_8_8.png,images/nucleus/6_F5_8_8.png,output,6_F5_8_8_infected
,images/protein/6_F5_8_9.png,images/er/6_F5_8_9.png,images/nucleus/6_F5_8_9.png,output,6_F5_8_9_infected
,images/protein/6_F5_9_1.png,images/er/6_F5_9_1.png,images/nucleus/6_F5_9_1.png,output,6_F5_9_1_infected
,images/protein/6_F5_9_10.png,images/er/6_F5_9_10.png,images/nucleus/6_F5_9_10.png,output,6_F5_9_10_uninfected
,images/protein/6_F5_9_11.png,images/er/6_F5_9_11.png,images/nucleus/6_F5_9_11.png,output,6_F5_9_11_infected
,images/protein/6_F5_9_12.png,images/er/6_F5_9_12.png,images/nucleus/6_F5_9_12.png,output,6_F5_9_12_uninfected
,images/protein/6_F5_9_13.png,images/er/6_F5_9_13.png,images/nucleus/6_F5_9_13.png,output,6_F5_9_13_infected
,images/protein/6_F5_9_14.png,images/er/6_F5_9_14.png,images/nucleus/6_F5_9_14.png,output,6_F5_9_14_infected
,images/protein/6_F5_9_16.png,images/er/6_F5_9_16.png,images/nucleus/6_F5_9_16.png,output,6_F5_9_16_infected
,images/protein/6_F5_9_17.png,images/er/6_F5_9_17.png,images/nucleus/6_F5_9_17.png,output,6_F5_9_17_uninfected
,images/protein/6_F5_9_18.png,images/er/6_F5_9_18.png,images/nucleus/6_F5_9_18.png,output,6_F5_9_18_infected
,images/protein/6_F5_9_19.png,images/er/6_F5_9_19.png,images/nucleus/6_F5_9_19.png,output,6_F5_9_19_uninfected
,images/protein/6_F5_9_2.png,images/er/6_F5_9_2.png,images/nucleus/6_F5_9_2.png,output,6_F5_9_2_infected
,images/protein/6_F5_9_20.png,images/er/6_F5_9_20.png,images/nucleus/6_F5_9_20.png,output,6_F5_9_20_infected
,images/protein/6_F5_9_21.png,images/er/6_F5_9_21.png,images/nucleus/6_F5_9_21.png,output,6_F5_9_21_infected
,images/protein/6_F5_9_22.png,images/er/6_F5_9_22.png,images/nucleus/6_F5_9_22.png,output,6_F5_9_22_infected
,images/protein/6_F5_9_23.png,images/er/6_F5_9_23.png,images/nucleus/6_F5_9_23.png,output,6_F5_9_23_infected
,images/protein/6_F5_9_25.png,images/er/6_F5_9_25.png,images/nucleus/6_F5_9_25.png,output,6_F5_9_25_infected
,images/protein/6_F5_9_26.png,images/er/6_F5_9_26.png,images/nucleus/6_F5_9_26.png,output,6_F5_9_26_uninfected
,images/protein/6_F5_9_27.png,images/er/6_F5_9_27.png,images/nucleus/6_F5_9_27.png,output,6_F5_9_27_uninfected
,images/protein/6_F5_9_28.png,images/er/6_F5_9_28.png,images/nucleus/6_F5_9_28.png,output,6_F5_9_28_uninfected
,images/protein/6_F5_9_29.png,images/er/6_F5_9_29.png,images/nucleus/6_F5_9_29.png,output,6_F5_9_29_uninfected
,images/protein/6_F5_9_3.png,images/er/6_F5_9_3.png,images/nucleus/6_F5_9_3.png,output,6_F5_9_3_uninfected
,images/protein/6_F5_9_30.png,images/er/6_F5_9_30.png,images/nucleus/6_F5_9_30.png,output,6_F5_9_30_uninfected
,images/protein/6_F5_9_31.png,images/er/6_F5_9_31.png,images/nucleus/6_F5_9_31.png,output,6_F5_9_31_uninfected
,images/protein/6_F5_9_32.png,images/er/6_F5_9_32.png,images/nucleus/6_F5_9_32.png,output,6_F5_9_32_infected
,images/protein/6_F5_9_33.png,images/er/6_F5_9_33.png,images/nucleus/6_F5_9_33.png,output,6_F5_9_33_uninfected
,images/protein/6_F5_9_34.png,images/er/6_F5_9_34.png,images/nucleus/6_F5_9_34.png,output,6_F5_9_34_infected
,images/protein/6_F5_9_4.png,images/er/6_F5_9_4.png,images/nucleus/6_F5_9_4.png,output,6_F5_9_4_infected
,images/protein/6_F5_9_5.png,images/er/6_F5_9_5.png,images/nucleus/6_F5_9_5.png,output,6_F5_9_5_uninfected
,images/protein/6_F5_9_6.png,images/er/6_F5_9_6.png,images/nucleus/6_F5_9_6.png,output,6_F5_9_6_uninfected
,images/protein/6_F5_9_7.png,images/er/6_F5_9_7.png,images/nucleus/6_F5_9_7.png,output,6_F5_9_7_infected
,images/protein/6_F5_9_8.png,images/er/6_F5_9_8.png,images/nucleus/6_F5_9_8.png,output,6_F5_9_8_uninfected
,images/protein/6_F5_9_9.png,images/er/6_F5_9_9.png,images/nucleus/6_F5_9_9.png,output,6_F5_9_9_infected
